deviceName,brand,screenSize,netflixSupport,hotstarSupport,youtubeSupport,primeVideoSupport,operatingSystem,screenType,resolution,Pixels,speaker,refreshRate(Hz),hdmi,usb,warranty,price
Adsun 80 cm (32 inch) HD Ready LED Smart TV,Adsun,32.0,1.0,1.0,1.0,,android based,HD,,1366 x 768,20.0,60.0,2.0,2.0,3.0,10490
SONY BRAVIA 80 cm (32 inch) HD Ready LED Smart TV,SONY,32.0,1.0,,1.0,1.0,linux based,HD,,1366 x 768,20.0,50.0,2.0,2.0,1.0,24999
Mi 4A PRO 80 cm (32 inch) HD Ready LED Smart Android TV,Mi,32.0,1.0,1.0,1.0,1.0,android,HD,,1366 x 768,20.0,60.0,3.0,2.0,1.0,15999
OnePlus Y Series 80 cm (32 inch) HD Ready LED Smart Android TV,OnePlus,32.0,1.0,1.0,1.0,1.0,android,HD,,1366 x 768,20.0,60.0,2.0,2.0,1.0,15999
Mi 4A Horizon Edition 80 cm (32 inch) HD Ready LED Smart Android TV,Mi,32.0,1.0,1.0,1.0,1.0,android,HD,,1366 x 768,20.0,60.0,3.0,2.0,1.0,16499
OnePlus Y Series 100 cm (40 inch) Full HD LED Smart Android TV,OnePlus,40.0,1.0,1.0,1.0,1.0,android,Full HD,,,20.0,60.0,2.0,2.0,1.0,22999
Mi 5X 108 cm (43 inch) Ultra HD (4K) LED Smart Android TV with Dolby Atmos and Dolby Vision,Mi,43.0,1.0,1.0,1.0,1.0,android,Ultra HD,4k,,30.0,60.0,3.0,2.0,1.0,31999
Candes 102 cm (40 inch) Full HD LED Smart Android TV,Candes,40.0,1.0,1.0,1.0,1.0,android,Full HD,,,20.0,60.0,2.0,2.0,1.0,16999
Vu Premium 108 cm (43 inch) Ultra HD (4K) LED Smart Android TV,Vu,43.0,1.0,1.0,1.0,1.0,android,Ultra HD,4k,,24.0,60.0,3.0,2.0,1.0,25999
OnePlus Y Series 108 cm (43 inch) Full HD LED Smart Android TV,OnePlus,43.0,1.0,1.0,1.0,1.0,android,Full HD,,,20.0,60.0,2.0,2.0,1.0,25999
Mi 4A Horizon Edition 100 cm (40 inch) Full HD LED Smart Android TV,Mi,40.0,1.0,1.0,1.0,1.0,android,Full HD,,,20.0,60.0,3.0,2.0,1.0,22999
SAMSUNG 108 cm (43 inch) Full HD LED Smart TV,SAMSUNG,43.0,1.0,1.0,1.0,,tizen,Full HD,,,20.0,60.0,2.0,1.0,1.0,31990
Mi 4C 108 cm (43 inch) Full HD LED Smart Android TV,Mi,43.0,1.0,1.0,1.0,1.0,android,Full HD,,,20.0,60.0,3.0,3.0,1.0,25499
realme 80 cm (32 inch) HD Ready LED Smart Android TV,realme,32.0,1.0,1.0,1.0,1.0,android,HD,,1366 x 768,24.0,60.0,3.0,2.0,1.0,15999
LG 80 cm (32 inch) HD Ready LED Smart TV,LG,32.0,1.0,1.0,1.0,1.0,webos,HD,,1366 x 768,10.0,50.0,2.0,1.0,1.0,17499
SAMSUNG The Frame 2021 Series 163 cm (65 inch) QLED Ultra HD (4K) Smart TV,SAMSUNG,65.0,1.0,1.0,1.0,1.0,tizen,Ultra HD,4k,,40.0,120.0,4.0,2.0,1.0,121990
acer Boundless series 80 cm (32 inch) HD Ready LED Smart Android TV with FRAMELESS DESIGN,acer,32.0,1.0,1.0,1.0,1.0,android,HD,,1366 x 768,24.0,60.0,3.0,2.0,1.0,13999
SAMSUNG 80 cm (32 inch) HD Ready LED Smart TV with Voice Search,SAMSUNG,32.0,1.0,1.0,1.0,,tizen,HD,,1366 x 768,20.0,60.0,2.0,1.0,1.0,17990
Vu Premium TV 80 cm (32 inch) HD Ready LED Smart TV with Bezel-Less Frame,Vu,32.0,1.0,,1.0,1.0,linux,HD,,1366 x 768,20.0,60.0,2.0,2.0,1.0,12999
SAMSUNG Crystal 4K 108 cm (43 inch) Ultra HD (4K) LED Smart TV,SAMSUNG,43.0,1.0,1.0,1.0,,tizen,Ultra HD,4k,,20.0,60.0,3.0,1.0,1.0,36990
Vu Premium 139 cm (55 inch) Ultra HD (4K) LED Smart Android TV,Vu,55.0,1.0,1.0,1.0,1.0,android,Ultra HD,4k,,30.0,60.0,3.0,2.0,1.0,36999
Coocaa 80 cm (32 inch) HD Ready LED Smart TV,Coocaa,32.0,,,1.0,,coolita,HD,,1366 x768,20.0,60.0,2.0,1.0,1.0,10499
SAMSUNG 80 cm (32 inch) HD Ready LED Smart TV,SAMSUNG,32.0,1.0,1.0,1.0,,tizen,HD,,1366 x 768,20.0,60.0,2.0,1.0,1.0,16999
SONY Bravia 108 cm (43 inch) Full HD LED Smart TV,SONY,43.0,1.0,1.0,1.0,,linux,Full HD,,,20.0,50.0,2.0,2.0,1.0,39999
SAMSUNG The Frame 2020 Series 125 cm (50 inch) QLED Ultra HD (4K) Smart TV,SAMSUNG,50.0,1.0,1.0,1.0,1.0,tizen,Ultra HD,4k,,20.0,60.0,4.0,2.0,1.0,54999
MOTOROLA ZX3 108 cm (43 inch) Ultra HD (4K) LED Smart Android TV with Dolby Atmos and Dolby Vision,MOTOROLA,43.0,1.0,1.0,1.0,1.0,android,Ultra HD,4k,,44.0,60.0,3.0,2.0,1.0,30999
Thomson R9 60 cm (24 inch) HD Ready LED TV,Thomson,24.0,,,,,,HD,,1366 x 768,20.0,60.0,2.0,2.0,1.0,8499
realme NEO 80 cm (32 inch) HD Ready LED Smart TV,realme,32.0,,,1.0,,linux,HD,,1366 x 768,20.0,60.0,2.0,1.0,1.0,14999
OnePlus U1S 126 cm (50 inch) Ultra HD (4K) LED Smart Android TV,OnePlus,50.0,1.0,1.0,1.0,1.0,android,Ultra HD,4k,,30.0,60.0,3.0,2.0,1.0,40999
realme 108 cm (43 inch) Ultra HD (4K) LED Smart Android TV with Handsfree Voice Search and Dolby Visio...,realme,43.0,1.0,1.0,1.0,1.0,android,Ultra HD,4k,,24.0,60.0,3.0,2.0,1.0,28999
OnePlus U1S 139 cm (55 inch) Ultra HD (4K) LED Smart Android TV,OnePlus,55.0,1.0,1.0,1.0,1.0,android,Ultra HD,4k,,30.0,60.0,3.0,2.0,1.0,46999
Adsun Frameless 80 cm (32 inch) HD Ready LED Smart TV,Adsun,32.0,1.0,1.0,1.0,1.0,android based,HD,,1366 x 768,20.0,60.0,2.0,2.0,3.0,10500
Mi 4C 80 cm (32 inch) HD Ready LED Smart Android TV,Mi,32.0,1.0,1.0,1.0,1.0,android,HD,,1366 x 768,20.0,60.0,3.0,2.0,1.0,15999
Nokia 109 cm (43 inch) Ultra HD 4K LED Smart Android TV with Sound by Onkyo and Dolby Atmos,Nokia,43.0,1.0,1.0,1.0,1.0,android,Ultra HD,4k,,39.0,60.0,2.0,2.0,1.0,30999
LG 139 cm (55 inch) Ultra HD (4K) LED Smart TV,LG,55.0,1.0,1.0,1.0,1.0,webos,Ultra HD,4k,,20.0,60.0,2.0,1.0,1.0,51999
MOTOROLA ZX2 100 cm (40 inch) Full HD LED Smart Android TV with Dolby Atmos and Dolby Vision,MOTOROLA,40.0,1.0,1.0,1.0,1.0,android,Full HD,,,40.0,60.0,2.0,2.0,1.0,23999
KODAK 7XPRO Series 80 cm (32 inch) HD Ready LED Smart Android TV,KODAK,32.0,,1.0,1.0,1.0,android,HD,,1366 x 768,24.0,60.0,3.0,2.0,1.0,12499
SAMSUNG Crystal 4K Pro 108 cm (43 inch) Ultra HD (4K) LED Smart TV with Voice Search,SAMSUNG,43.0,1.0,1.0,1.0,,tizen,Ultra HD,4k,,20.0,60.0,3.0,1.0,1.0,38999
Thomson OATHPRO Max 126 cm (50 inch) Ultra HD (4K) LED Smart Android TV with Dolby MS12 & 40W Speakers,Thomson,50.0,1.0,1.0,1.0,1.0,android,Ultra HD,4k,,40.0,60.0,3.0,2.0,1.0,33999
LG 108 cm (43 inch) Full HD LED Smart TV,LG,43.0,1.0,1.0,1.0,1.0,webos,Full HD,,,20.0,50.0,2.0,1.0,1.0,32990
MOTOROLA ZX2 80 cm (32 inch) HD Ready LED Smart Android TV with Dolby Atmos and Dolby Vision,MOTOROLA,32.0,1.0,1.0,1.0,1.0,android,HD,,1366 x 768,40.0,60.0,2.0,2.0,1.0,17999
Mi 4X 125.7 cm (50 inch) Ultra HD (4K) LED Smart Android TV,Mi,50.0,1.0,1.0,1.0,,android,Ultra HD,4k,,20.0,60.0,3.0,2.0,1.0,37999
Thomson 9A Series 102 cm (40 inch) Full HD LED Smart Android TV,Thomson,40.0,,1.0,1.0,1.0,android,Full HD,,,24.0,60.0,3.0,2.0,1.0,18499
KODAK 60 cm (24 inch) HD Ready LED TV,KODAK,24.0,,,,,,HD,,1366 x 768,20.0,60.0,2.0,2.0,1.0,7999
OnePlus U1S 164 cm (65 inch) Ultra HD (4K) LED Smart Android TV,OnePlus,65.0,1.0,1.0,1.0,1.0,android,Ultra HD,4k,,30.0,60.0,3.0,2.0,1.0,64999
LG 126 cm (50 inch) Ultra HD (4K) LED Smart TV,LG,50.0,1.0,1.0,1.0,1.0,webos,Ultra HD,4k,,20.0,60.0,2.0,1.0,1.0,46999
SONY X74 108 cm (43 inch) Ultra HD (4K) LED Smart Android TV,SONY,43.0,1.0,1.0,1.0,1.0,android,Ultra HD,4k,,20.0,60.0,3.0,2.0,1.0,50999
iFFALCON 79.97 cm (32 inch) HD Ready LED Smart Android TV with Google assistant tv HDR 10 and Dolby Au...,iFFALCON,32.0,1.0,1.0,1.0,,android,HD,,1366 x 768,16.0,60.0,2.0,1.0,1.0,13999
Sansui 80 cm (32 inch) HD Ready LED Smart Android TV,Sansui,32.0,1.0,1.0,1.0,,android,HD,,1366 x 768,20.0,60.0,2.0,2.0,1.0,14499
TCL P615 126 cm (50 inch) Ultra HD (4K) LED Smart TV with Dolby Audio,TCL,50.0,,,,,,Ultra HD,4k,,24.0,60.0,3.0,1.0,1.0,34990
SAMSUNG Crystal 4K 125 cm (50 inch) Ultra HD (4K) LED Smart TV,SAMSUNG,50.0,1.0,1.0,1.0,,tizen,Ultra HD,4k,,20.0,60.0,3.0,1.0,1.0,47990
TCL C715 Series 139 cm (55 inch) QLED Ultra HD (4K) Smart Android TV with Handsfree Voice Control & Do...,TCL,55.0,1.0,1.0,1.0,,android,Ultra HD,4k,,30.0,60.0,3.0,2.0,1.0,52990
Thomson OATHPRO Max 108 cm (43 inch) Ultra HD (4K) LED Smart Android TV with Dolby MS12 & 40W Speakers,Thomson,43.0,1.0,1.0,1.0,1.0,android,Ultra HD,4k,,40.0,60.0,3.0,2.0,1.0,26999
KODAK CA Series 139 cm (55 inch) Ultra HD (4K) LED Smart Android TV with Dolby Digital Plus & DTS TruS...,KODAK,55.0,1.0,1.0,1.0,1.0,android,Ultra HD,4k,,30.0,60.0,3.0,2.0,1.0,35999
Mi 4X 108 cm (43 inch) Ultra HD (4K) LED Smart Android TV,Mi,43.0,1.0,1.0,1.0,1.0,android,Ultra HD,4k,,20.0,60.0,3.0,2.0,1.0,29999
SAMSUNG Crystal 4K Pro 146 cm (58 inch) Ultra HD (4K) LED Smart TV with Voice Search,SAMSUNG,58.0,1.0,1.0,1.0,,tizen,Ultra HD,4k,,20.0,60.0,3.0,1.0,1.0,57490
"Hisense A73F 139 cm (55 inch) Ultra HD (4K) LED Smart Android TV with 102W JBL 6 Speakers, Dolby Visio...",Hisense,55.0,1.0,1.0,1.0,1.0,android,Ultra HD,4k,,102.0,60.0,3.0,2.0,1.0,45990
Thomson OATHPRO Series 139 cm (55 inch) Ultra HD (4K) LED Smart Android TV with Dolby Digital Plus & D...,Thomson,55.0,1.0,1.0,1.0,1.0,android,Ultra HD,4k,,30.0,60.0,3.0,2.0,1.0,36999
MarQ By Flipkart 60 cm (24 inch) HD Ready LED TV,MarQ,24.0,,,,,,HD,,1366 x 768,20.0,60.0,2.0,2.0,1.0,7499
Adsun 98.9 cm (39 inch) HD Ready LED Smart TV,Adsun,39.0,1.0,1.0,1.0,,android based,HD,,1366 x 768,20.0,60.0,2.0,2.0,1.0,14499
TCL S65A Series 79.97 cm (32 inch) HD Ready LED Smart Android TV,TCL,32.0,1.0,1.0,1.0,,android,HD,,1366 x 768,20.0,60.0,2.0,1.0,1.0,15999
Vu Cinema TV Action Series 126 cm (50 inch) Ultra HD (4K) LED Smart Android TV with Sound by JBL,Vu,50.0,1.0,1.0,1.0,,android,Ultra HD,4k,,100.0,60.0,3.0,2.0,3.0,40999
Nokia 140 cm (55 inch) Ultra HD 4K QLED Smart Android TV with Sound by JBL and Powered by Harman Audio...,Nokia,55.0,1.0,1.0,1.0,1.0,android,Ultra HD,4k,,60.0,60.0,3.0,2.0,1.0,49999
LG 108 cm (43 inch) Ultra HD (4K) LED Smart TV,LG,43.0,1.0,1.0,1.0,1.0,webos,Ultra HD,4k,,20.0,60.0,2.0,1.0,1.0,40999
Mi 4A Pro 108 cm (43 inch) Full HD LED Smart Android TV,Mi,43.0,1.0,1.0,1.0,1.0,android,Full HD,,,20.0,60.0,3.0,3.0,1.0,26999
Croma 81.28 cm (32 inch) HD Ready LED TV,Croma,32.0,,,,,,HD,,1366 x 768,20.0,60.0,2.0,2.0,1.0,8490
Infinix X1 80 cm (32 inch) HD Ready LED Smart Android TV with Eye Care Technology,Infinix,32.0,1.0,1.0,1.0,1.0,android,HD,,1366 x 768,20.0,60.0,2.0,1.0,1.0,13499
Adsun 80 cm (32 inch) HD Ready LED TV,Adsun,32.0,,,,,,HD,,1366 x 768,20.0,60.0,2.0,2.0,1.0,9300
MOTOROLA ZX Pro 139 cm (55 inch) Ultra HD (4K) LED Smart Android TV with Wireless Gamepad,MOTOROLA,55.0,1.0,1.0,1.0,1.0,android,Ultra HD,4k,,50.0,60.0,3.0,2.0,1.0,44999
iFFALCON F52 79.97 cm (32 inch) HD Ready LED Smart Android TV,iFFALCON,32.0,1.0,1.0,1.0,,android,HD,,1366 x 768,16.0,60.0,2.0,1.0,1.0,13999
TCL D311 79.97 cm (32 inch) HD Ready LED TV,TCL,32.0,,,,,,HD,,1366 x 768,16.0,60.0,2.0,1.0,1.0,11999
MOTOROLA Revou-Q 139 cm (55 inch) QLED Ultra HD (4K) Smart Android TV with Wireless Gamepad,MOTOROLA,55.0,1.0,1.0,1.0,1.0,android,Ultra HD,4k,,60.0,60.0,3.0,2.0,1.0,48999
Nokia 109 cm (43 inch) Ultra HD 4K LED Smart Android TV with Sound by JBL and Powered by Harman AudioE...,Nokia,43.0,1.0,1.0,1.0,1.0,android,Ultra HD,4k,,60.0,60.0,3.0,2.0,1.0,33999
acer XL Series 177.8 cm (70 inch) Ultra HD (4K) LED Smart Android TV,acer,70.0,1.0,1.0,1.0,1.0,android,Ultra HD,4k,,24.0,60.0,3.0,2.0,1.0,69999
Mi Q1 138.8 cm (55 inch) QLED Ultra HD (4K) Smart Android TV,Mi,55.0,1.0,1.0,1.0,1.0,android,Ultra HD,4k,,30.0,60.0,3.0,2.0,1.0,59999
TCL P715 139 cm (55 inch) Ultra HD (4K) LED Smart Android TV with Full Screen & Handsfree Voice Contro...,TCL,55.0,1.0,1.0,1.0,1.0,android,Ultra HD,4k,,30.0,60.0,3.0,2.0,1.0,42999
acer Boundless Series 125.7 cm (50 inch) Ultra HD (4K) LED Smart Android TV,acer,50.0,1.0,1.0,1.0,1.0,android,Ultra HD,4k,,24.0,60.0,3.0,2.0,1.0,34999
SAMSUNG Crystal 4K 138 cm (55 inch) Ultra HD (4K) LED Smart TV,SAMSUNG,55.0,1.0,1.0,1.0,,tizen,Ultra HD,4k,,20.0,60.0,3.0,1.0,1.0,50990
KODAK X900 80 cm (32 inch) HD Ready LED TV,KODAK,32.0,,,,,,HD,,1366 x 768,20.0,60.0,2.0,2.0,1.0,9999
Blaupunkt Cybersound 126 cm (50 inch) Ultra HD (4K) LED Smart Android TV with Dolby MS12 & 60W Speaker...,Blaupunkt,50.0,1.0,1.0,1.0,1.0,android,Ultra HD,4k,,60.0,60.0,3.0,3.0,1.0,34999
realme 126 cm (50 inch) Ultra HD (4K) LED Smart Android TV with Handsfree Voice Search and Dolby Visio...,realme,50.0,1.0,1.0,1.0,1.0,android,Ultra HD,4k,,24.0,60.0,3.0,2.0,1.0,41999
iFFALCON 126 cm (50 inch) Ultra HD (4K) LED Smart Android TV,iFFALCON,50.0,1.0,1.0,1.0,,android,HD,4k,,24.0,60.0,3.0,1.0,1.0,34999
MOTOROLA ZX3 139 cm (55 inch) Ultra HD (4K) LED Smart Android TV with Dolby Atmos and Dolby Vision,MOTOROLA,55.0,1.0,1.0,1.0,1.0,android,Ultra HD,4k,,44.0,60.0,3.0,2.0,1.0,39999
Vu cinema TV 126 cm (50 inch) Ultra HD (4K) LED Smart Android TV,Vu,50.0,1.0,1.0,1.0,,android,Ultra HD,4k,,40.0,60.0,3.0,2.0,1.0,35999
SONY X74 Bravia 125.7 cms (50 inch) Ultra HD (4K) LED Smart Android TV,SONY,50.0,1.0,1.0,1.0,1.0,android,Ultra HD,4k,,20.0,50.0,3.0,2.0,1.0,62999
TOSHIBA U50 Series 126 cm (50 inch) Ultra HD (4K) LED Smart TV with Dolby Vision & ATMOS,TOSHIBA,50.0,1.0,,1.0,1.0,vidaa,Ultra HD,4k,,30.0,60.0,3.0,2.0,1.0,34990
KODAK 7X Pro 139 cm (55 inch) Ultra HD (4K) LED Smart Android TV,KODAK,55.0,,1.0,1.0,1.0,android,Ultra HD,4k,,24.0,60.0,3.0,2.0,1.0,32999
Nokia 81 cm (32 inch) HD Ready LED Smart Android TV with Sound by Onkyo and Dolby Atmos,Nokia,32.0,1.0,1.0,1.0,1.0,android,HD,,1366 x 768,39.0,60.0,3.0,2.0,1.0,19999
KODAK 7XPro 139 cm (55 inch) Ultra HD (4K) LED Smart Android TV with 40W Sound Output & Bezel-Less Des...,KODAK,55.0,,1.0,1.0,1.0,android,Ultra HD,4k,,40.0,60.0,3.0,2.0,1.0,33999
Thomson 9R PRO 139 cm (55 inch) Ultra HD (4K) LED Smart Android TV,Thomson,55.0,,1.0,1.0,1.0,android,Ultra HD,4k,,40.0,60.0,3.0,2.0,1.0,33999
MOTOROLA Revou 164 cm (65 inch) Ultra HD (4K) LED Smart Android TV with Dolby Atmos and Dolby Vision,MOTOROLA,65.0,1.0,1.0,1.0,1.0,android,Ultra HD,4k,,50.0,60.0,3.0,2.0,1.0,54999
iFFALCON 164 cm (65 inch) Ultra HD (4K) LED Smart Android TV,iFFALCON,65.0,1.0,1.0,1.0,,android,HD,4k,,24.0,60.0,3.0,2.0,1.0,56999
Thomson OATHPRO Series 108 cm (43 inch) Ultra HD (4K) LED Smart Android TV with Dolby Digital Plus & D...,Thomson,43.0,1.0,1.0,1.0,1.0,android,Ultra HD,4k,,30.0,60.0,3.0,2.0,1.0,26999
LG Nanocell 108 cm (43 inch) Ultra HD (4K) LED Smart TV,LG,43.0,1.0,1.0,1.0,1.0,webos,Ultra HD,4k,,20.0,60.0,3.0,2.0,1.0,46999
SAMSUNG 80 cm (32 inch) HD Ready LED TV,SAMSUNG,32.0,,,,,,HD,,1366 x 768,20.0,60.0,2.0,1.0,1.0,16290
Nokia 127 cm (50 inch) Ultra HD 4K LED Smart Android TV with Sound by JBL and Powered by Harman AudioE...,Nokia,50.0,1.0,1.0,1.0,1.0,android,Ultra HD,4k,,60.0,60.0,3.0,2.0,1.0,42999
Mi 138.8 cm (55 inch) Ultra HD (4K) LED Smart Android TV,Mi,55.0,1.0,1.0,1.0,,android,Ultra HD,4k,,20.0,60.0,3.0,2.0,1.0,49334
Thomson 9A Series 106 cm (42 inch) Full HD LED Smart Android TV,Thomson,42.0,,1.0,1.0,1.0,android,Full HD,,,30.0,60.0,3.0,2.0,1.0,20999
Nokia 127 cm (50 inch) Ultra HD 4K QLED Smart Android TV with Sound by JBL and Powered by Harman Audio...,Nokia,50.0,1.0,1.0,1.0,1.0,android,Ultra HD,4k,,60.0,60.0,3.0,2.0,1.0,45999
Vu QLED Premium TV 190 cm (75 inch) Ultra HD (4K) LED Smart Android TV,Vu,75.0,1.0,1.0,1.0,1.0,android,Ultra HD,4k,,40.0,60.0,4.0,2.0,1.0,119737
Nokia 139 cm (55 inch) Ultra HD (4K) LED Smart Android TV with Sound by Onkyo,Nokia,55.0,1.0,1.0,1.0,1.0,android,Ultra HD,4k,,48.0,60.0,3.0,2.0,1.0,41999
KODAK CA Series 108 cm (43 inch) Ultra HD (4K) LED Smart Android TV with Dolby Digital Plus & DTS TruS...,KODAK,43.0,1.0,1.0,1.0,1.0,android,Ultra HD,4k,,30.0,60.0,3.0,2.0,1.0,25999
Coocaa 138 cm (55 inch) Ultra HD (4K) LED Smart Android TV with 10.0 Q,Coocaa,55.0,1.0,1.0,1.0,1.0,android,Ultra HD,4k,,20.0,60.0,3.0,2.0,1.0,33999
Sansui 109 cm (43 inch) Ultra HD (4K) LED Smart Android TV,Sansui,43.0,1.0,1.0,1.0,,android,Ultra HD,4k,,20.0,60.0,3.0,2.0,1.0,29999
Blaupunkt Cybersound 108 cm (43 inch) Ultra HD (4K) LED Smart Android TV with Dolby MS12 & 50W Speaker...,Blaupunkt,43.0,1.0,1.0,1.0,1.0,android,Ultra HD,4k,,50.0,60.0,3.0,2.0,1.0,28999
LG LM63 80 cm (32 inch) HD Ready LED Smart TV,LG,32.0,1.0,1.0,1.0,,webos,HD,,1366 x 768,20.0,50.0,3.0,2.0,1.0,24129
TCL S6500 Series 108 cm (43 inch) Full HD LED Smart Android TV,TCL,43.0,1.0,1.0,1.0,,android,Full HD,,,20.0,60.0,2.0,1.0,1.0,24999
TCL S5200 108 cm (43 inch) Full HD LED Smart Android TV,TCL,43.0,1.0,1.0,1.0,1.0,android,HD,,,,60.0,2.0,1.0,1.0,26199
Nokia 126 cm (50 inch) Ultra HD (4K) LED Smart Android TV with Sound by Onkyo,Nokia,50.0,1.0,1.0,1.0,1.0,android,Ultra HD,4k,,48.0,60.0,3.0,2.0,1.0,37999
SAMSUNG Crystal 4K Pro 163 cm (65 inch) Ultra HD (4K) LED Smart TV with Voice Search,SAMSUNG,65.0,1.0,1.0,1.0,,tizen,Ultra HD,4k,,20.0,60.0,3.0,1.0,1.0,89990
MOTOROLA Revou 139 cm (55 inch) Ultra HD (4K) LED Smart Android TV with Dolby Atmos and Dolby Vision,MOTOROLA,55.0,1.0,1.0,1.0,1.0,android,Ultra HD,4k,,50.0,60.0,3.0,2.0,1.0,42999
Thomson OATHPRO Series 164 cm (65 inch) Ultra HD (4K) LED Smart Android TV with Dolby Digital Plus & D...,Thomson,65.0,1.0,1.0,1.0,1.0,android,Ultra HD,4k,,30.0,60.0,3.0,2.0,1.0,53999
Nokia 80 cm (32 inch) HD Ready LED Smart Android TV with Sound by Onkyo,Nokia,32.0,1.0,1.0,1.0,1.0,android,HD,,1366 x 768,39.0,60.0,3.0,2.0,1.0,16999
SONY X75 108 cm (43 inch) Ultra HD (4K) LED Smart Android TV,SONY,43.0,1.0,1.0,1.0,1.0,android,Ultra HD,4k,,20.0,50.0,3.0,2.0,1.0,56999
LG 109.22 cm (43 inch) Ultra HD (4K) LED Smart TV,LG,43.0,1.0,1.0,1.0,1.0,webos,Ultra HD,4k,,20.0,60.0,3.0,2.0,1.0,49977
Vu Premium 108 cm (43 inch) Full HD LED Smart Android TV,Vu,43.0,1.0,1.0,1.0,1.0,android,Full HD,,,24.0,60.0,2.0,2.0,1.0,25999
PHILIPS 6900 Series 108 cm (43 inch) Full HD LED Smart Android TV,PHILIPS,43.0,1.0,1.0,1.0,,android,Full HD,,,16.0,60.0,3.0,2.0,2.0,31999
TCL P615 108 cm (43 inch) Ultra HD (4K) LED Smart TV with Dolby Audio,TCL,43.0,,,,,,Ultra HD,4k,,24.0,60.0,3.0,1.0,1.0,28999
Hisense A71F Series 177 cm (70 inch) Ultra HD (4K) LED Smart Android TV,Hisense,70.0,1.0,1.0,1.0,,android,Ultra HD,4k,,36.0,60.0,3.0,2.0,1.0,82990
TCL P715 126 cm (50 inch) Ultra HD (4K) LED Smart Android TV with Full Screen & Handsfree Voice Contro...,TCL,50.0,1.0,1.0,1.0,1.0,android,Ultra HD,4k,,30.0,60.0,3.0,2.0,1.0,37999
Hisense A6GE 126 cm (50 inch) Ultra HD (4K) LED Smart Android TV,Hisense,50.0,1.0,1.0,1.0,1.0,android,Ultra HD,4k,,30.0,60.0,3.0,2.0,1.0,36999
Blaupunkt Cybersound 139 cm (55 inch) Ultra HD (4K) LED Smart Android TV with Dolby MS12 & 60W Speaker...,Blaupunkt,55.0,1.0,1.0,1.0,1.0,android,Ultra HD,4k,,60.0,60.0,3.0,2.0,1.0,39999
SONY Bravia X7002G 108 cm (43 inch) Ultra HD (4K) LED Smart TV,SONY,43.0,1.0,,1.0,1.0,linux based,Ultra HD,4k,,20.0,50.0,3.0,3.0,1.0,44999
Candes 80 cm (32 inch) HD Ready LED TV,Candes,32.0,,,,,,HD,,1366 x 768,20.0,60.0,2.0,2.0,1.0,10999
TCL C725 139 cm (55 inch) QLED Ultra HD (4K) Smart Android TV (Black) (2021 Model) | With Video Call C...,TCL,55.0,1.0,1.0,1.0,,android,Ultra HD,4k,,24.0,60.0,3.0,2.0,1.0,56990
MOTOROLA ZX Pro 109 cm (43 inch) Ultra HD (4K) LED Smart Android TV with Wireless Gamepad,MOTOROLA,43.0,1.0,1.0,1.0,1.0,android,Ultra HD,4k,,24.0,60.0,3.0,2.0,1.0,33999
Hisense A6GE Series 108 cm (43 inch) Ultra HD (4K) LED Smart Android TV,Hisense,43.0,1.0,1.0,1.0,,android,Ultra HD,4k,,24.0,60.0,3.0,2.0,1.0,30990
SAMSUNG 108 cm (43 inch) Full HD LED Smart TV,SAMSUNG,43.0,1.0,1.0,1.0,,tizen,Full HD,,,20.0,60.0,2.0,1.0,1.0,36900
SAMSUNG 8 108 cm (43 inch) Ultra HD (4K) LED Smart TV,SAMSUNG,43.0,1.0,1.0,1.0,,tizen,Ultra HD,4k,,20.0,60.0,3.0,2.0,1.0,44990
Hisense A71F 139 cm (55 inch) Ultra HD (4K) LED Smart Android TV with Dolby Vision & ATMOS,Hisense,55.0,1.0,1.0,1.0,1.0,android,Ultra HD,4k,,30.0,60.0,3.0,2.0,1.0,39990
PHILIPS 7600 Series 126 cm (50 inch) Ultra HD (4K) LED Smart TV,PHILIPS,50.0,1.0,,1.0,1.0,linux based,Ultra HD,4k,,20.0,60.0,3.0,2.0,2.0,39999
Hisense A56E 80 cm (32 inch) HD Ready LED Smart Android TV with 9.0 PIE,Hisense,32.0,1.0,1.0,1.0,1.0,android,HD,,1366 x 768,20.0,60.0,2.0,2.0,1.0,17499
PHILIPS 8200 Series 126 cm (50 inch) Ultra HD (4K) LED Smart Android TV,PHILIPS,50.0,1.0,1.0,1.0,1.0,android,Ultra HD,4k,,16.0,60.0,4.0,2.0,2.0,44999
SONY X80J 108 cm (43 inch) Ultra HD (4K) LED Smart TV,SONY,43.0,1.0,1.0,1.0,1.0,google tv,Ultra HD,4k,,20.0,60.0,4.0,2.0,1.0,66489
Hisense A71F 126 cm (50 inch) Ultra HD (4K) LED Smart Android TV with Dolby Vision & ATMOS,Hisense,50.0,1.0,1.0,1.0,1.0,android,Ultra HD,4k,,30.0,60.0,3.0,2.0,1.0,33990
LG Nanocell 189 cm (75 inch) Ultra HD (4K) LED Smart TV,LG,75.0,1.0,1.0,1.0,1.0,webos,Ultra HD,4k,,40.0,100.0,4.0,3.0,1.0,499990
TCL S5200 79.97 cm (32 inch) HD Ready LED Smart Android TV,TCL,32.0,1.0,1.0,1.0,1.0,android,HD,,1366 x 768,,60.0,2.0,1.0,1.0,16490
TCL C715 Series 126 cm (50 inch) QLED Ultra HD (4K) Smart Android TV with Handsfree Voice Control & Do...,TCL,50.0,1.0,1.0,1.0,,android,Ultra HD,4k,,30.0,60.0,3.0,2.0,1.0,44999
LG 139 cm (55 inch) OLED Ultra HD (4K) Smart TV,LG,55.0,1.0,1.0,1.0,,webos,Ultra HD,4k,,40.0,50.0,4.0,3.0,3.0,99999
Sansui Prime Series 80 cm (32 inch) HD Ready LED TV,Sansui,32.0,,,,,,HD,,1366 x 768,20.0,60.0,2.0,1.0,1.0,13290
TOSHIBA U50 Series 108 cm (43 inch) Ultra HD (4K) LED Smart TV with Dolby Vision & ATMOS,TOSHIBA,43.0,1.0,,1.0,1.0,vidaa,Ultra HD,4k,,24.0,60.0,3.0,2.0,1.0,28490
Vu Masterpiece 215 cm (85 inch) QLED Ultra HD (4K) Smart Android TV,Vu,85.0,1.0,1.0,1.0,1.0,android,Ultra HD,4k,,50.0,120.0,4.0,2.0,1.0,256600
iFFALCON 100.3 cm (40 inch) Full HD LED Smart Android TV with Google assistant search and Dolby Audio,iFFALCON,40.0,1.0,1.0,1.0,,android,Full HD,,,20.0,60.0,2.0,1.0,1.0,22000
acer Boundless Series 138.5 cm (55 inch) Ultra HD (4K) LED Smart Android TV,acer,55.0,1.0,1.0,1.0,1.0,android,Ultra HD,4k,,24.0,60.0,3.0,2.0,1.0,37999
MOTOROLA ZX 109 cm (43 inch) Ultra HD (4K) LED Smart Android TV with Wireless Gamepad,MOTOROLA,43.0,1.0,1.0,1.0,1.0,android,Ultra HD,4k,,20.0,60.0,3.0,2.0,1.0,30999
TCL S6500 Series 79.97 cm (32 inch) HD Ready LED Smart Android TV,TCL,32.0,1.0,1.0,1.0,,android,HD,,1366 x 768,16.0,60.0,2.0,1.0,1.0,15499
TOSHIBA 108 cm (43 inch) Full HD LED Smart TV with VIDAA OS,TOSHIBA,43.0,1.0,,1.0,,vidaa,Full HD,,,16.0,60.0,2.0,2.0,1.0,22499
Sansui 102 cm (40 inch) Full HD LED Smart Android TV,Sansui,40.0,1.0,1.0,1.0,,android,Full HD,,,20.0,60.0,2.0,2.0,1.0,21499
T-Series 60 cm (24 inch) HD Ready LED TV,T-Series,24.0,,,,,,HD,,1366x768,,50.0,1.0,2.0,1.0,9490
MOTOROLA Revou 139 cm (55 inch) Ultra HD (4K) LED Smart Android TV with Dolby Atmos and Dolby Vision,MOTOROLA,55.0,1.0,1.0,1.0,1.0,android,Ultra HD,4k,,50.0,60.0,3.0,2.0,1.0,44999
SAMSUNG 4 80 cm (32 inch) HD Ready LED Smart TV,SAMSUNG,32.0,1.0,1.0,1.0,,tizen,HD,,1366 x 768,20.0,60.0,2.0,1.0,1.0,22150
SONY 138.8 cm (55 inch) Ultra HD (4K) LED Smart TV,SONY,55.0,,,,,,Ultra HD,4k,,,60.0,2.0,1.0,1.0,67490
"Hisense A73F Series 126 cm (50 inch) Ultra HD (4K) LED Smart Android TV with 102 W JBL Speakers, Dolby...",Hisense,50.0,1.0,1.0,1.0,,android,Ultra HD,4k,,102.0,60.0,3.0,2.0,1.0,40990
Blaupunkt Cyber Sound 164 cm (65 inch) Ultra HD (4K) LED Smart Android TV,Blaupunkt,65.0,1.0,1.0,1.0,1.0,android,Ultra HD,4k,,60.0,60.0,3.0,2.0,1.0,54999
LG 164 cm (65 inch) OLED Ultra HD (4K) Smart TV,LG,65.0,1.0,1.0,1.0,,webos,Ultra HD,4k,,60.0,60.0,4.0,3.0,3.0,269990
SAMSUNG 8 189 cm (75 inch) Ultra HD (4K) LED Smart TV,SAMSUNG,75.0,1.0,1.0,1.0,,tizen,Ultra HD,4k,,20.0,60.0,3.0,2.0,1.0,149990
Micromax Smart LED TV 109 cm (43 inch) Full HD LED Smart TV,Micromax,43.0,1.0,1.0,1.0,1.0,android based,Full HD,,,20.0,60.0,2.0,2.0,1.0,22999
iFFALCON K72 139 cm (55 inch) Ultra HD (4K) LED Smart Android TV with Hands Free Voice Control and Wor...,iFFALCON,55.0,1.0,1.0,1.0,,android,Ultra HD,4k,,24.0,60.0,3.0,2.0,1.0,42999
Panasonic 105 cm (42 inch) HD Ready LED Smart TV,Panasonic,42.0,,,,,,HD,,1920 x 1080,20.0,60.0,3.0,2.0,1.0,33008
SONY 123 cm (49 inch) Ultra HD (4K) LED Smart Android TV,SONY,49.0,1.0,1.0,1.0,,android,Ultra HD,4k,,20.0,50.0,4.0,2.0,1.0,75099
Blaupunkt Cybersound 106 cm (42 inch) Full HD LED Smart Android TV with 40W Speaker,Blaupunkt,42.0,,1.0,1.0,1.0,android,Full HD,,,40.0,60.0,3.0,2.0,1.0,20999
LG Nanocell 164 cm (65 inch) Ultra HD (4K) LED Smart TV,LG,65.0,1.0,1.0,1.0,1.0,webos,Ultra HD,4k,,20.0,60.0,3.0,2.0,1.0,99999
realme SLED 139 cm (55 inch) Ultra HD (4K) LED Smart Android TV,realme,55.0,1.0,1.0,1.0,1.0,android,Ultra HD,4k,,24.0,60.0,3.0,2.0,1.0,48999
TCL P715 164 cm (65 Inch) Ultra HD (4K) LED Smart Android TV with Full Screen & Handsfree Voice Contro...,TCL,,1.0,1.0,1.0,1.0,android,Ultra HD,4k,,30.0,60.0,3.0,2.0,1.0,68999
SAMSUNG The Frame 2021 Series 108 cm (43 inch) QLED Ultra HD (4K) Smart TV,SAMSUNG,43.0,1.0,1.0,1.0,1.0,tizen,Ultra HD,4k,,20.0,60.0,4.0,2.0,1.0,58500
SAMSUNG 108 cm (43 inch) Full HD LED Smart TV,SAMSUNG,43.0,1.0,1.0,1.0,,tizen,Full HD,,,20.0,60.0,2.0,1.0,1.0,37990
Mi 4A Horizon Edition 80 cm (32 inch) HD Ready LED Smart Android TV,Mi,32.0,1.0,1.0,1.0,1.0,android,HD,,1366 x 768,20.0,60.0,3.0,2.0,1.0,15999
SAMSUNG The Frame 2020 Series 138 cm (55 inch) QLED Ultra HD (4K) Smart TV,SAMSUNG,55.0,1.0,1.0,1.0,1.0,tizen,Ultra HD,4k,,40.0,120.0,4.0,2.0,1.0,78990
NOKIA 165 cm (65 inch) Ultra HD 4K LED Smart Android TV with Sound by Onkyo and Dolby Atmos,NOKIA,65.0,1.0,1.0,1.0,1.0,android,Ultra HD,4k,,48.0,60.0,3.0,2.0,1.0,62999
LG 80 cm (32 inch) HD Ready LED Smart TV,LG,32.0,,,,,,HD,,1366 x 768,20.0,50.0,2.0,2.0,1.0,23599
SAMSUNG 8 125 cm (50 inch) Ultra HD (4K) LED Smart TV,SAMSUNG,50.0,1.0,1.0,1.0,,tizen,Ultra HD,4k,,20.0,60.0,3.0,2.0,1.0,58990
LG 109.22 cm (43 inch) Ultra HD (4K) LED Smart TV,LG,43.0,1.0,1.0,1.0,,webos,Ultra HD,4k,,20.0,60.0,2.0,1.0,1.0,41240
SAMSUNG 8 138 mm (55 inch) Ultra HD (4K) LED Smart TV,SAMSUNG,55.0,1.0,1.0,1.0,,tizen,Ultra HD,4k,,20.0,60.0,3.0,2.0,1.0,62400
TCL C825 139 cm (55 inch) QLED Ultra HD (4K) Smart Android TV (Graphite Grey) (2021 Model) | Mini LED ...,TCL,55.0,1.0,1.0,1.0,,android,Ultra HD,4k,,50.0,120.0,4.0,2.0,1.0,105999
TCL 2021 Edition 79.97 cm (32 inch) HD Ready LED Smart Android TV,TCL,32.0,1.0,1.0,1.0,,android,HD,,1366 x 768,16.0,60.0,2.0,1.0,1.0,14999
SONY Bravia 163.9 cm (65 inch) Ultra HD (4K) LED Smart TV,SONY,65.0,,,,,,Ultra HD,4k,,30.0,,4.0,3.0,1.0,172529
Hisense U6G Series 139 cm (55 inch) QLED Ultra HD (4K) Smart Android TV With Full Array Local Dimming,Hisense,55.0,1.0,1.0,1.0,1.0,android,Ultra HD,4k,,24.0,60.0,3.0,2.0,1.0,61990
Candes 80 cm (32 inch) HD Ready LED Smart Android TV,Candes,32.0,1.0,1.0,1.0,1.0,android,HD,,1366 x 768,20.0,60.0,2.0,2.0,1.0,11999
SONY X80J 189 cm (75 inch) Ultra HD (4K) LED Smart TV,SONY,75.0,1.0,1.0,1.0,1.0,google tv,Ultra HD,4k,,20.0,60.0,4.0,2.0,1.0,178900
Candes 60 cm (24 inch) HD Ready LED TV 2021 Edition,Candes,24.0,,,,1.0,,HD,,1366 x 768,20.0,60.0,2.0,2.0,1.0,7999
Vu cinema TV 108 cm (43 inch) Ultra HD (4K) LED Smart Android TV,Vu,43.0,1.0,1.0,1.0,,android,Ultra HD,4k,,40.0,60.0,3.0,2.0,1.0,32926
"LG 139.7 cm (55 inch) Ultra HD (4K) LED Smart TV with True Cinema Experience, Unlimited Entertainment,...",LG,55.0,1.0,1.0,1.0,,webos,Ultra HD,4k,,20.0,60.0,2.0,1.0,1.0,61590
LG 127 cm (50 inch) Ultra HD (4K) LED Smart TV,LG,50.0,1.0,1.0,1.0,,webos,Ultra HD,4k,,20.0,50.0,3.0,2.0,1.0,59990
iFFALCON K72 108 cm (43 inch) Ultra HD (4K) LED Smart Android TV with Hands Free Voice Control and Wor...,iFFALCON,43.0,1.0,1.0,1.0,,android,Ultra HD,4k,,24.0,60.0,2.0,1.0,1.0,29999
SAMSUNG Q Series 138 cm (55 inch) QLED Ultra HD (4K) Smart TV,SAMSUNG,55.0,1.0,1.0,1.0,,tizen,Ultra HD,4k,,40.0,200.0,4.0,3.0,1.0,274900
TCL P725 108 cm (43 inch) Ultra HD (4K) LED Smart Android TV,TCL,43.0,1.0,1.0,1.0,1.0,android,HD,4k,,,60.0,2.0,1.0,1.0,40966
Vu Premium 164 cm (65 inch) Ultra HD (4K) LED Smart Android TV,Vu,65.0,1.0,1.0,1.0,,android,Ultra HD,4k,,30.0,60.0,3.0,2.0,1.0,59999
Lloyd 80 cm (32 inch) HD Ready LED Smart Android TV,Lloyd,32.0,1.0,1.0,1.0,1.0,android,HD,,1366 x 768,20.0,60.0,2.0,2.0,1.0,20949
Thomson OATHPRO Series 189 cm (75 inch) Ultra HD (4K) LED Smart Android TV with Dolby Digital Plus & D...,Thomson,75.0,1.0,1.0,1.0,,android,Ultra HD,4k,,30.0,60.0,3.0,2.0,1.0,99999
LG 164 cm (65 inch) Ultra HD (4K) LED Smart TV,LG,65.0,1.0,1.0,1.0,1.0,webos,Ultra HD,4k,,20.0,60.0,2.0,1.0,1.0,83999
TCL C815 Series 139 cm (55 inch) QLED Ultra HD (4K) Smart Android TV With Integrated 2.1 Onkyo Soundba...,TCL,55.0,1.0,1.0,1.0,,android,Ultra HD,4k,,50.0,60.0,3.0,2.0,1.0,63999
PHILIPS 6800 Series 80 cm (32 inch) HD Ready LED Smart TV,PHILIPS,32.0,1.0,,1.0,1.0,linux based,HD,,1366 x 768,12.0,60.0,3.0,2.0,2.0,18999
LG Nanocell 164 cm (65 inch) Ultra HD (4K) LED Smart TV,LG,65.0,1.0,1.0,1.0,,webos,Ultra HD,4k,,20.0,100.0,4.0,3.0,1.0,129999
SAMSUNG 7 108 cm (43 inch) Ultra HD (4K) LED Smart TV,SAMSUNG,43.0,1.0,1.0,1.0,,tizen,Ultra HD,4k,,20.0,60.0,3.0,1.0,1.0,41990
iFFALCON 107.86 CM (43 inch) Full HD LED Smart Android TV,iFFALCON,43.0,1.0,1.0,1.0,,android,Full HD,,,20.0,60.0,2.0,1.0,1.0,24999
Coocaa 127 cm (50 inch) Ultra HD (4K) LED Smart Android TV with 10.0 Q,Coocaa,50.0,1.0,1.0,1.0,1.0,android,Ultra HD,4k,,20.0,60.0,3.0,2.0,1.0,32499
LG OLED A1 Series 139 cm (55 inch) OLED Ultra HD (4K) Smart TV,LG,55.0,1.0,1.0,1.0,1.0,webos,Ultra HD,4k,,20.0,,3.0,2.0,3.0,103889
Sansui Pro View 109 cm (43 inch) Ultra HD (4K) LED Smart TV with Powered by dbx-tv Sound,Sansui,43.0,1.0,1.0,1.0,,android based,Ultra HD,4k,,20.0,60.0,3.0,2.0,1.0,34999
LG Nanocell 123 cm (49 inch) Ultra HD (4K) LED Smart TV,LG,49.0,1.0,1.0,1.0,,webos,Ultra HD,4k,,20.0,50.0,4.0,2.0,1.0,64999
OnePlus Q1 Series 138.8 cm (55 inch) QLED Ultra HD (4K) Smart Android TV Sliding Soundbar,OnePlus,55.0,1.0,1.0,1.0,1.0,android,Ultra HD,4k,,50.0,60.0,4.0,2.0,1.0,79999
KODAK 7X Pro 102 cm (40 inch) Full HD LED Smart Android TV,KODAK,40.0,,1.0,1.0,1.0,android,Full HD,,,24.0,60.0,3.0,2.0,1.0,18499
SONY X8000H 138.8 cm (55 inch) Ultra HD (4K) LED Smart Android TV,SONY,55.0,1.0,1.0,1.0,,android,Ultra HD,4k,,20.0,50.0,4.0,2.0,1.0,85499
"Hisense A73F 164 cm (65 inch) Ultra HD (4K) LED Smart Android TV with 102W JBL 6 Speakers, Dolby Visio...",Hisense,65.0,1.0,1.0,1.0,1.0,android,Ultra HD,4k,,102.0,60.0,3.0,2.0,1.0,67990
SAMSUNG Crystal 4K 163 cm (65 inch) Ultra HD (4K) LED Smart TV,SAMSUNG,65.0,1.0,1.0,1.0,,tizen,Ultra HD,4k,,20.0,60.0,3.0,1.0,1.0,87990
LG 165.1 cm (65 inch) OLED Ultra HD (4K) Smart TV,LG,65.0,1.0,1.0,1.0,,webos,Ultra HD,4k,,60.0,120.0,4.0,3.0,1.0,256500
Thomson OATHPRO Series 126 cm (50 inch) Ultra HD (4K) LED Smart Android TV with Dolby Digital Plus & D...,Thomson,50.0,1.0,1.0,1.0,1.0,android,Ultra HD,4k,,30.0,60.0,3.0,2.0,1.0,32999
SAMSUNG 139 cm (55 inch) QLED Ultra HD (4K) Smart TV,SAMSUNG,55.0,1.0,1.0,1.0,,tizen,Ultra HD,4k,,20.0,60.0,3.0,2.0,1.0,86660
LG OLED BX 164 cm (65 inch) OLED Ultra HD (4K) Smart TV,LG,65.0,1.0,1.0,1.0,,webos,Ultra HD,4k,,40.0,120.0,4.0,3.0,3.0,199004
SONY X80J 163.9 cm (65 inch) Ultra HD (4K) LED Smart TV,SONY,65.0,1.0,1.0,1.0,1.0,google tv,Ultra HD,4k,,20.0,50.0,4.0,2.0,1.0,108600
MOTOROLA ZX 107.6 cm (43 inch) Full HD LED Smart Android TV with Wireless Gamepad,MOTOROLA,43.0,1.0,1.0,1.0,1.0,android,Full HD,,,20.0,60.0,2.0,2.0,1.0,27999
MarQ By Flipkart Innoview 80 cm (32 inch) HD Ready LED Smart Android TV,MarQ,32.0,1.0,1.0,1.0,,android,HD,,1366 x 768,20.0,60.0,3.0,2.0,1.0,16999
SAMSUNG 4 80 cm (32 inch) HD Ready LED Smart TV 2021 Edition,SAMSUNG,32.0,1.0,1.0,1.0,1.0,tizen,HD,,1366 x 768,20.0,60.0,2.0,1.0,1.0,20690
SAMSUNG 163 cm (65 inch) Ultra HD (4K) LED Smart TV with Voice Search,SAMSUNG,65.0,1.0,1.0,1.0,,tizen,Ultra HD,4k,,20.0,60.0,3.0,2.0,1.0,89999
LG 164 cm (65 inch) Ultra HD (4K) LED Smart TV,LG,65.0,1.0,,1.0,,webos,Ultra HD,4k,,20.0,60.0,3.0,2.0,1.0,174999
SAMSUNG 108 cm (43 inch) Ultra HD (4K) LED Smart TV,SAMSUNG,43.0,1.0,1.0,1.0,,tizen,Ultra HD,4k,,20.0,60.0,3.0,2.0,1.0,45400
MarQ By Flipkart Innoview 108 cm (43 inch) Ultra HD (4K) LED Smart Android TV,MarQ,43.0,1.0,1.0,1.0,,android,Ultra HD,4k,,20.0,60.0,4.0,3.0,1.0,28999
LG 109.22 cm (43 inch) Full HD LED Smart TV,LG,43.0,1.0,1.0,1.0,,webos,Full HD,,,20.0,50.0,2.0,1.0,1.0,40499
TOSHIBA U50 Series 139 cm (55 inch) Ultra HD (4K) LED Smart TV with Dolby Vision & ATMOS,TOSHIBA,55.0,1.0,,1.0,1.0,vidaa,Ultra HD,4k,,30.0,60.0,3.0,2.0,1.0,38990
TCL 164 cm (65 inch) Ultra HD (4K) LED Smart Android TV,TCL,65.0,1.0,1.0,1.0,1.0,android,Ultra HD,4k,,24.0,60.0,3.0,2.0,1.0,58999
iFFALCON H72 139 cm (55 inch) QLED Ultra HD (4K) Smart Android TV Hands Free Voice Control & Works wit...,iFFALCON,55.0,1.0,1.0,1.0,,android,Ultra HD,4k,,24.0,60.0,3.0,2.0,1.0,56999
SONY Bravia 80.1 cm (32 inch) Full HD LED Smart TV,SONY,32.0,,,,,,Full HD,,,8.0,200.0,2.0,2.0,1.0,21299
LG UHD 164 cm (65 inch) Ultra HD (4K) LED Smart TV,LG,65.0,1.0,1.0,1.0,,webos,Ultra HD,4k,,20.0,50.0,3.0,2.0,1.0,76990
Panasonic FX730 Series 123 cm (49 inch) Ultra HD (4K) LED Smart TV,Panasonic,49.0,1.0,,1.0,,linux based,Ultra HD,4k,,20.0,100.0,3.0,3.0,1.0,69999
LG 2021 139.7 cm (55 inch) OLED Ultra HD (4K) Smart TV,LG,55.0,1.0,1.0,1.0,,,Ultra HD,4k,,40.0,120.0,4.0,3.0,1.0,134990
Haier 109 cm (43 inch) Full HD LED Smart Android TV,Haier,43.0,1.0,,1.0,,android,Full HD,,,20.0,60.0,3.0,2.0,1.0,29900
LG Nanocell 164 cm (65 inch) Ultra HD (4K) LED Smart TV,LG,65.0,1.0,1.0,1.0,,webos,Ultra HD,4k,,20.0,100.0,4.0,3.0,1.0,203955
Dyanora 60 cm (24 inch) HD Ready LED TV,Dyanora,24.0,,,,,,HD,,1366 x 768,20.0,60.0,2.0,2.0,1.0,7499
TCL P615 164 cm (65 inch) Ultra HD (4K) LED Smart Android TV,TCL,65.0,1.0,1.0,1.0,,android,Ultra HD,4k,,24.0,60.0,3.0,2.0,1.0,58999
SAMSUNG Q Series 138 cm (55 inch) QLED Ultra HD (4K) Smart TV,SAMSUNG,55.0,1.0,1.0,1.0,,tizen,Ultra HD,4k,,40.0,200.0,4.0,3.0,1.0,314900
SAMSUNG Series 8 163 cm (65 inch) Ultra HD (4K) LED Smart TV,SAMSUNG,65.0,1.0,1.0,1.0,,tizen,Ultra HD,4k,,40.0,200.0,4.0,2.0,1.0,167199
SAMSUNG Series 4 59 cm (24 inch) HD Ready LED TV,SAMSUNG,24.0,,,,,,HD,,1366 x 768,10.0,50.0,2.0,2.0,1.0,15200
LG OLED 139 cm (55 inch) OLED Ultra HD (4K) Smart TV,LG,55.0,1.0,,1.0,,webos,Ultra HD,4k,,40.0,120.0,4.0,3.0,1.0,324990
Sansui 139 cm (55 inch) Ultra HD (4K) Curved LED Smart TV,Sansui,55.0,,,,,,Ultra HD,4k,,20.0,60.0,3.0,3.0,1.0,119990
LG 164 cm (65 inch) Ultra HD (4K) LED Smart TV,LG,65.0,1.0,1.0,1.0,1.0,webos,Ultra HD,4k,,20.0,60.0,2.0,1.0,1.0,89990
LG C9 138 cm (55 inch) OLED Ultra HD (4K) Smart TV,LG,55.0,1.0,1.0,1.0,,webos,Ultra HD,4k,,40.0,120.0,4.0,3.0,3.0,149999
MOTOROLA Revou 108 cm (43 inch) Ultra HD (4K) LED Smart Android TV with Dolby Atmos and Dolby Vision,MOTOROLA,43.0,1.0,1.0,1.0,1.0,android,Ultra HD,4k,,24.0,60.0,3.0,2.0,1.0,32999
TCL C725 164 cm (65 inch) QLED Ultra HD (4K) Smart Android TV (Black) (2021 Model) |Works With Video C...,TCL,65.0,1.0,1.0,1.0,,android,Ultra HD,4k,,24.0,60.0,3.0,2.0,1.0,97999
LG 109.22 cm (43 inch) Ultra HD (4K) LED Smart TV,LG,43.0,,,,,,Ultra HD,4k,,35.0,60.0,3.0,2.0,1.0,44700
Mi 4A PRO 80 cm (32 inch) HD Ready LED Smart Android TV,Mi,32.0,1.0,1.0,1.0,1.0,android,HD,,1366 x 768,20.0,60.0,3.0,2.0,1.0,14999
LG 165.1 cm (65 inch) OLED Ultra HD (4K) Smart TV,LG,65.0,,,,,,Ultra HD,4k,,40.0,120.0,4.0,3.0,1.0,199990
SONY 164 cm (65 inch) Ultra HD (4K) LED Smart TV,SONY,65.0,,,,,,Ultra HD,4k,,20.0,120.0,4.0,2.0,1.0,130869
LG 164 cm (65 inch) OLED Ultra HD (4K) Smart TV,LG,65.0,1.0,,1.0,,webos,Ultra HD,4k,,40.0,120.0,4.0,3.0,1.0,249999
Nokia 139 cm (55 inch) Ultra HD 4K LED Smart Android TV with Sound by Onkyo and Dolby Atmos,Nokia,55.0,1.0,1.0,1.0,1.0,android,Ultra HD,4k,,48.0,60.0,3.0,2.0,1.0,49999
SAMSUNG Series 7 123 cm (49 inch) Ultra HD (4K) LED Smart TV,SAMSUNG,49.0,1.0,1.0,1.0,,tizen,Ultra HD,4k,,40.0,100.0,4.0,3.0,1.0,155900
SAMSUNG 7 163 cm (65 inch) Ultra HD (4K) LED Smart TV,SAMSUNG,65.0,1.0,1.0,1.0,,tizen,Ultra HD,4k,,20.0,60.0,3.0,1.0,1.0,93990
SONY 139 cm (55 inch) Ultra HD (4K) LED Smart TV,SONY,55.0,,,,,,Ultra HD,4k,,20.0,60.0,4.0,2.0,1.0,94300
LG 139.7 cm (55 inch) Ultra HD (4K) LED Smart TV,LG,55.0,1.0,1.0,1.0,,webos,Ultra HD,4k,,20.0,60.0,3.0,2.0,1.0,64160
Dyanora 80 cm (32 inch) HD Ready LED Smart TV,Dyanora,32.0,1.0,1.0,1.0,1.0,android based,HD,,1366 x 768,20.0,60.0,2.0,2.0,1.0,12499
MarQ by Flipkart 165 cm (65) Ultra HD (4K) LED Smart Android TV,MarQ,,,1.0,1.0,,android,Ultra HD,4k,,20.0,60.0,3.0,2.0,1.0,64999
Haier Google Certified Android 9.0 105 cm (42 inch) Full HD LED Smart Android TV,Haier,42.0,1.0,,1.0,,android,Full HD,,,20.0,60.0,3.0,2.0,1.0,27890
SONY X90J 164 cm (65 inch) Ultra HD (4K) LED Smart TV,SONY,65.0,1.0,1.0,1.0,1.0,google tv,Ultra HD,4k,,20.0,120.0,4.0,2.0,1.0,159900
SONY 126 cm (50 inch) Ultra HD (4K) LED Smart TV,SONY,50.0,,,,,,Ultra HD,4k,,20.0,60.0,3.0,2.0,1.0,69800
Micromax 139 cm (55 inch) Full HD LED TV,Micromax,55.0,,,,,,Full HD,,,20.0,60.0,2.0,2.0,1.0,71990
iFFALCON 189.3 cm (75 inch) Ultra HD (4K) LED Smart Android TV with Harman Kardon Speakers and Netflix,iFFALCON,75.0,1.0,1.0,1.0,,android,Ultra HD,4k,,30.0,120.0,3.0,2.0,1.0,149999
Vu 108 cm (43 inch) Full HD LED Smart Android TV,Vu,43.0,1.0,1.0,1.0,,android,Full HD,,,24.0,60.0,2.0,2.0,1.0,25490
SAMSUNG 7 108 cm (43 inch) Ultra HD (4K) LED Smart TV,SAMSUNG,43.0,1.0,1.0,1.0,,tizen,Ultra HD,4k,,20.0,60.0,3.0,1.0,1.0,41900
LG 164 cm (65 inch) OLED Ultra HD (4K) Smart TV,LG,65.0,1.0,,1.0,,webos,Ultra HD,4k,,60.0,120.0,4.0,3.0,1.0,349999
Dyanora 100 cm (40 inch) HD Ready LED Smart TV,Dyanora,40.0,1.0,1.0,1.0,1.0,android based,HD,,1366 x 768,20.0,60.0,2.0,2.0,1.0,15499
SAMSUNG Q Series 138 cm (55 inch) QLED Ultra HD (4K) Smart TV,SAMSUNG,55.0,,,,,tizen,Ultra HD,4k,,60.0,200.0,4.0,3.0,1.0,344900
Infinix X1 100 cm (40 inch) Full HD LED Smart Android TV,Infinix,40.0,1.0,1.0,1.0,1.0,android,Full HD,,,24.0,60.0,3.0,2.0,1.0,18499
Vu 139 cm (55 inch) Ultra HD (4K) LED Smart Android TV,Vu,55.0,1.0,1.0,1.0,,android,Ultra HD,4k,,30.0,60.0,3.0,2.0,1.0,43500
SAMSUNG 7 163 cm (65 inch) Ultra HD (4K) LED Smart TV,SAMSUNG,65.0,1.0,1.0,1.0,,tizen,Ultra HD,4k,,20.0,60.0,3.0,1.0,1.0,94990
Compaq HEX 165.1 cm (65 inch) QLED Ultra HD (4K) Smart Android TV,Compaq,65.0,1.0,1.0,1.0,1.0,android,Ultra HD,4k,,24.0,60.0,3.0,2.0,1.0,99999
TOSHIBA L50 Series 80 cm (32 inch) HD Ready LED Smart TV with ADS Panel,TOSHIBA,32.0,1.0,,1.0,1.0,vidaa,HD,,1366 x 768,20.0,60.0,2.0,2.0,1.0,17499
LG 139 cm (55 inch) OLED Ultra HD (4K) Smart TV,LG,55.0,1.0,1.0,1.0,,webos,Ultra HD,4k,,40.0,60.0,3.0,2.0,3.0,134999
SONY 108 cm (43 inch) Full HD LED Smart TV,SONY,43.0,1.0,,1.0,,linux based,Full HD,,,20.0,50.0,2.0,2.0,1.0,44900
Hisense U6G Series 164 cm (65 inch) QLED Ultra HD (4K) Smart Android TV Full Array Local Dimming,Hisense,65.0,1.0,1.0,1.0,1.0,android,Ultra HD,4k,,24.0,60.0,3.0,2.0,1.0,84990
SONY W800G Series 108 cm (43 inch) Full HD LED Smart Android TV,SONY,43.0,1.0,1.0,1.0,,android,Full HD,,,10.0,50.0,4.0,3.0,1.0,46799
PHILIPS 6600 Series 126 cm (50 inch) Ultra HD (4K) LED Smart TV,PHILIPS,50.0,1.0,,1.0,,linux based,Ultra HD,4k,,20.0,60.0,3.0,2.0,2.0,39999
LG 165.1 cm (65 inch) Ultra HD (4K) LED Smart TV,LG,65.0,1.0,1.0,1.0,,webos,Ultra HD,4k,,20.0,50.0,4.0,2.0,1.0,87332
SAMSUNG Neo QLED 125 cm (50 inch) QLED Ultra HD (4K) Smart TV,SAMSUNG,50.0,1.0,1.0,1.0,,tizen,Ultra HD,4k,,40.0,60.0,4.0,2.0,1.0,99990
IMPEX AU10 108 cm (43 inch) Full HD LED Smart Android TV,IMPEX,43.0,1.0,1.0,1.0,,android,Full HD,,,20.0,60.0,3.0,2.0,,49979
SAMSUNG Series 7 189 cm (75 inch) Ultra HD (4K) LED Smart TV,SAMSUNG,75.0,1.0,1.0,1.0,,tizen,Ultra HD,4k,,20.0,100.0,3.0,2.0,1.0,239999
SONY Bravia A8F 163.9 cm (65 inch) OLED Ultra HD (4K) Smart Android TV,SONY,65.0,1.0,1.0,1.0,,android,Ultra HD,4k,,50.0,100.0,4.0,3.0,1.0,259999
IMPEX Gloria Series 81.28 cm (32 inch) HD Ready LED TV,IMPEX,32.0,,,,,,HD,,1366 x 768,20.0,60.0,2.0,1.0,,28679
LG 80 cm (32 inch) HD Ready LED Smart TV,LG,32.0,1.0,,1.0,,webos,HD,,1366 x 768,35.0,50.0,3.0,1.0,1.0,28499
IMPEX AU20 80 cm (32 inch) HD Ready LED Smart Android TV 2021 Edition,IMPEX,32.0,1.0,1.0,1.0,1.0,android,HD,,1366x768,20.0,60.0,3.0,2.0,,33979
LG Nanocell 139 cm (55 inch) Ultra HD (4K) LED Smart TV,LG,55.0,1.0,1.0,1.0,,webos,Ultra HD,4k,,20.0,100.0,4.0,3.0,1.0,87999
SAMSUNG Q Series 163 cm (65 inch) QLED Ultra HD (4K) Smart TV,SAMSUNG,65.0,1.0,1.0,1.0,,tizen,Ultra HD,4k,,40.0,200.0,4.0,3.0,1.0,341900
BPL 127 cm (50 inch) Ultra HD (4K) LED Smart TV,BPL,50.0,,,,,,Ultra HD,4k,,8.0,60.0,3.0,1.0,2.0,35999
Intex 98 cm (39 inch) HD Ready LED TV,Intex,39.0,,,,,,HD,,1366 x 768,20.0,60.0,2.0,2.0,1.0,19800
LG Nanocell 164 cm (65 inch) Ultra HD (4K) LED Smart TV,LG,65.0,1.0,1.0,1.0,1.0,webos,Ultra HD,4k,,40.0,100.0,4.0,3.0,1.0,164999
TCL C825 164 cm (65 inch) QLED Ultra HD (4K) Smart Android TV (Graphite Grey) (2021 Model) | Mini LED ...,TCL,65.0,1.0,1.0,1.0,,android,Ultra HD,4k,,60.0,120.0,4.0,2.0,1.0,147999
PHILIPS 7600 Series 146 cm (58 inch) Ultra HD (4K) LED Smart TV,PHILIPS,58.0,1.0,,1.0,,linux based,Ultra HD,4k,,20.0,60.0,3.0,2.0,2.0,49999
LG 123 cm (49 inch) Full HD LED TV,LG,49.0,,,,,,Full HD,,,20.0,50.0,2.0,1.0,1.0,64900
SAMSUNG Q70RAK 163 cm (65 inch) QLED Ultra HD (4K) Smart TV,SAMSUNG,65.0,1.0,1.0,1.0,,tizen,Ultra HD,4k,,40.0,200.0,4.0,2.0,1.0,224999
SAMSUNG 7 125 cm (50 inch) Ultra HD (4K) LED Smart TV,SAMSUNG,50.0,1.0,1.0,1.0,,tizen,Ultra HD,4k,,20.0,60.0,3.0,1.0,1.0,55990
SAMSUNG 108 cm (43 inch) Full HD LED Smart TV,SAMSUNG,43.0,1.0,1.0,1.0,,tizen,Full HD,,,20.0,100.0,2.0,2.0,1.0,62900
Sansui (32 inch) HD Ready LED TV,Sansui,32.0,,,,,,HD,,1366 x 768,,,1.0,1.0,1.0,21499
Micromax 101 cm (40 inch) Full HD LED Smart TV,Micromax,40.0,,,,,,Full HD,,,24.0,60.0,3.0,2.0,1.0,29990
SAMSUNG N4200 80 cm (32 inch) HD Ready LED Smart TV,SAMSUNG,32.0,1.0,1.0,1.0,,tizen,HD,,1366 x 768,10.0,60.0,2.0,1.0,1.0,22499
Thomson 9R PRO 108 cm (43 inch) Ultra HD (4K) LED Smart Android TV,Thomson,43.0,,1.0,1.0,1.0,android,Ultra HD,4k,,40.0,60.0,3.0,2.0,1.0,23999
SAMSUNG 138 cm (55 inch) Ultra HD (4K) Curved LED Smart TV,SAMSUNG,55.0,1.0,1.0,1.0,,tizen,Ultra HD,4k,,60.0,200.0,4.0,3.0,1.0,284900
MarQ by Flipkart Dolby 65 inch(165 cm) Ultra HD (4K) Smart LED TV,MarQ,,1.0,,1.0,,linux,Ultra HD,4k,,30.0,60.0,3.0,2.0,1.0,64999
SAMSUNG 138 cm (55 inch) Ultra HD (4K) LED Smart TV,SAMSUNG,55.0,,,,,tizen,Ultra HD,4k,,40.0,,4.0,3.0,1.0,241900
MOTOROLA ZX 139 cm (55 inch) Ultra HD (4K) LED Smart Android TV with Wireless Gamepad,MOTOROLA,55.0,1.0,1.0,1.0,1.0,android,Ultra HD,4k,,30.0,60.0,3.0,2.0,1.0,40999
SONY 163.9 cm (65 inch) Ultra HD (4K) LED Smart Android TV,SONY,65.0,1.0,1.0,1.0,,android,Ultra HD,4k,,60.0,800.0,4.0,3.0,1.0,149999
LG OLED A1 Series 121 cm (48 inch) OLED Ultra HD (4K) Smart TV,LG,48.0,1.0,1.0,1.0,1.0,webos,Ultra HD,4k,,20.0,,3.0,2.0,3.0,84999
Micromax 81 cm (32 inch) HD Ready LED TV,Micromax,32.0,,,,,,HD,,1366 x 768,20.0,60.0,1.0,2.0,1.0,12399
SONY Bravia W672G 125.7 cm (50 inch) Full HD LED Smart TV,SONY,50.0,1.0,,1.0,,linux based,Full HD,,,20.0,50.0,2.0,2.0,1.0,63640
SAMSUNG Series 4 80 cm (32 inch) HD Ready LED TV,SAMSUNG,32.0,,,,,,HD,,1366 x 768,40.0,60.0,2.0,1.0,1.0,26900
SAMSUNG Q Series 163 cm (65 inch) QLED Ultra HD (4K) Smart TV,SAMSUNG,65.0,1.0,1.0,1.0,,tizen,Ultra HD,4k,,60.0,200.0,4.0,3.0,1.0,470900
SAMSUNG UHD 8 Series 108 cm (43 inch) Ultra HD (4K) LED Smart TV,SAMSUNG,43.0,1.0,1.0,1.0,,linux,Ultra HD,4k,,20.0,60.0,3.0,2.0,1.0,44790
Croma 80 cm (32 inch) HD Ready LED Smart Android TV,Croma,32.0,1.0,1.0,1.0,,android,HD,,1366 x 768,20.0,60.0,2.0,1.0,3.0,18990
LG Nanocell 139 cm (55 inch) Ultra HD (4K) LED Smart TV,LG,55.0,1.0,1.0,1.0,,webos,Ultra HD,4k,,20.0,50.0,4.0,2.0,1.0,66990
SAMSUNG Q60RAK 123 cm (49 inch) QLED Ultra HD (4K) Smart TV,SAMSUNG,49.0,1.0,1.0,1.0,1.0,tizen,Ultra HD,4k,,20.0,100.0,4.0,2.0,1.0,64990
LG 139.7 cm (55 inch) Ultra HD (4K) LED Smart TV,LG,55.0,1.0,1.0,1.0,,webos,Ultra HD,4k,,20.0,60.0,4.0,2.0,1.0,79990
SAMSUNG Q Series 163 cm (65 inch) QLED Ultra HD (4K) Smart TV,SAMSUNG,65.0,1.0,1.0,1.0,,tizen,Ultra HD,4k,,40.0,200.0,3.0,2.0,1.0,179999
SAMSUNG 9 163 cm (65 inch) Ultra HD (4K) LED Smart TV,SAMSUNG,65.0,1.0,1.0,1.0,,tizen,Ultra HD,4k,,20.0,60.0,3.0,2.0,1.0,115989
Thomson 9A Series 80 cm (32 inch) HD Ready LED Smart Android TV with Bezel Less Display,Thomson,32.0,,1.0,1.0,1.0,android,HD,,1366 x 768,24.0,60.0,3.0,2.0,1.0,12999
SAMSUNG 8 163 cm (65 inch) QLED Ultra HD (4K) Smart TV,SAMSUNG,65.0,1.0,1.0,1.0,,tizen,Ultra HD,4k,,60.0,60.0,4.0,2.0,1.0,159990
LG 108 cm (43 inch) Full HD LED Smart TV,LG,43.0,1.0,1.0,1.0,1.0,webos,Full HD,,,20.0,50.0,3.0,2.0,1.0,41490
Mi 4X 108 cm (43 inch) Ultra HD (4K) LED Smart Android TV,Mi,43.0,1.0,1.0,1.0,1.0,android,Ultra HD,4k,,20.0,60.0,3.0,2.0,1.0,32890
TCL P725 139 cm (55 inch) Ultra HD (4K) LED Smart Android TV,TCL,55.0,1.0,1.0,1.0,1.0,android,HD,4k,,,60.0,3.0,2.0,1.0,76990
SAMSUNG 163 cm (65 inch) Ultra HD (4K) LED Smart TV,SAMSUNG,65.0,1.0,1.0,1.0,1.0,tizen,Ultra HD,4k,,20.0,60.0,2.0,1.0,1.0,89999
SONY 139 cm (55 inch) Ultra HD (4K) LED Smart TV,SONY,55.0,1.0,1.0,1.0,,android based,Ultra HD,4k,,20.0,100.0,4.0,2.0,1.0,104990
Panasonic 139 cm (55 inch) Ultra HD (4K) LED Smart Android TV,Panasonic,55.0,1.0,1.0,1.0,,android,Ultra HD,4k,,20.0,60.0,3.0,2.0,1.0,56990
IMPEX 108 cm (43 inch) Full HD LED TV,IMPEX,43.0,,,,,homeos,Full HD,,,16.0,50.0,2.0,2.0,3.0,32029
RGL 60 cm (24 inch) HD Ready LED TV,RGL,24.0,,,,,,HD,,1366 x 768,16.0,60.0,1.0,1.0,1.0,9990
SAMSUNG 108 cm (43 inch) Full HD LED TV,SAMSUNG,43.0,,,,,,Full HD,,,14.0,60.0,3.0,1.0,1.0,48900
BPL 80 cm (32 inch) HD Ready LED Smart Android TV,BPL,32.0,1.0,1.0,1.0,1.0,android,HD,,1366 x 768,18.0,60.0,2.0,2.0,2.0,18990
SAMSUNG The Serif Series 108 cm (43 inch) QLED Ultra HD (4K) Smart TV,SAMSUNG,43.0,1.0,1.0,1.0,1.0,tizen,Ultra HD,4k,,40.0,60.0,4.0,2.0,1.0,59990
SAMSUNG The Serif Series 138 cm (55 inch) QLED Ultra HD (4K) Smart TV,SAMSUNG,55.0,1.0,1.0,1.0,,tizen,Ultra HD,4k,,40.0,60.0,4.0,2.0,1.0,89990
Haier Bezel Less Google Android TV - Smart AI Plus 80 cm (32 inch) HD Ready LED Smart Android TV,Haier,32.0,1.0,1.0,1.0,,android,HD,,1366 x 768,20.0,60.0,3.0,2.0,1.0,18690
TCL 79.97 cm (32 inch) HD Ready LED TV,TCL,32.0,,,,,,HD,,720p,,60.0,2.0,1.0,2.0,14490
LG 108 cm (43 inch) Ultra HD (4K) LED Smart TV,LG,43.0,1.0,1.0,1.0,,webos,Ultra HD,,,20.0,50.0,3.0,2.0,1.0,45049
SAMSUNG 108 cm (43 inch) Full HD LED Smart TV,SAMSUNG,43.0,1.0,1.0,1.0,,tizen,Full HD,,,20.0,60.0,2.0,1.0,1.0,35490
Compaq ER Series 108 cm (43 inch) Full HD LED Smart Android TV,Compaq,43.0,1.0,1.0,1.0,,android,Full HD,,,24.0,60.0,3.0,2.0,1.0,23999
SAMSUNG Series 8 138 cm (55 inch) Ultra HD (4K) LED Smart TV,SAMSUNG,55.0,1.0,1.0,1.0,,tizen,Ultra HD,4k,,40.0,200.0,4.0,2.0,1.0,154900
LG 126 cm (50 inch) Ultra HD (4K) LED Smart TV,LG,50.0,1.0,,1.0,,webos,Ultra HD,4k,,20.0,50.0,4.0,2.0,1.0,59999
LG 139 cm (55 inch) Ultra HD (4K) LED Smart TV,LG,55.0,1.0,,1.0,,webos,Ultra HD,4k,,40.0,50.0,4.0,3.0,1.0,124999
Croma 127 cm (50 inch) Ultra HD (4K) LED Smart TV,Croma,50.0,1.0,1.0,1.0,1.0,firetv os 6,Ultra HD,4k,,40.0,60.0,2.0,2.0,3.0,39990
LumX Border Less 60 cm (24 inch) HD Ready LED TV,LumX,24.0,,,,,,HD,,1366x768,20.0,60.0,1.0,2.0,1.0,9999
SAMSUNG Series 8 123 cm (49 inch) Ultra HD (4K) LED Smart TV,SAMSUNG,49.0,1.0,1.0,1.0,,tizen,Ultra HD,4k,,40.0,100.0,4.0,2.0,1.0,129900
SAMSUNG Series 5 108 cm (43 inch) Full HD LED TV,SAMSUNG,43.0,,,,,,Full HD,,,40.0,120.0,2.0,1.0,1.0,39699
SONY 163.9 cm (65 inch) Ultra HD (4K) LED Smart Android TV,SONY,65.0,1.0,1.0,1.0,,android,Ultra HD,4k,,60.0,800.0,4.0,3.0,1.0,179999
Haier 108 cm (43 inch) Ultra HD (4K) LED Smart Android TV,Haier,43.0,1.0,1.0,1.0,1.0,android,Ultra HD,4k,,20.0,60.0,4.0,2.0,2.0,26999
TCL P2MUS 138.7 cm (55 inch) Ultra HD (4K) LED Smart Android TV,TCL,55.0,,,,,android,Ultra HD,4k,,16.0,60.0,3.0,2.0,,47499
LG Ultra HD 139 cm (55 inch) Ultra HD (4K) LED Smart TV,LG,55.0,,,,,webos,Ultra HD,4k,,20.0,60.0,2.0,1.0,1.0,64999
Croma 109 cm (43 inch) Full HD LED Smart Android TV,Croma,43.0,1.0,1.0,1.0,,android,Full HD,,,20.0,60.0,3.0,2.0,3.0,29990
SAMSUNG 108 cm (43 inch) Full HD LED TV,SAMSUNG,43.0,1.0,1.0,1.0,,,Full HD,,,20.0,60.0,3.0,1.0,1.0,33900
LG 139 cm (55 inch) Ultra HD (4K) LED Smart TV,LG,55.0,1.0,,1.0,1.0,webos,Ultra HD,4k,,20.0,50.0,3.0,2.0,1.0,58999
SAMSUNG Series 5 123 cm (49 inch) Full HD LED Smart TV,SAMSUNG,49.0,1.0,1.0,1.0,,tizen,Full HD,,,20.0,120.0,3.0,2.0,1.0,86900
LG 81.28 cm (32 inch) Full HD LED Smart TV,LG,32.0,1.0,1.0,1.0,1.0,webos,Full HD,,,20.0,60.0,3.0,2.0,1.0,29000
BPL 109.22 cm (43 inch) HD Ready LED Smart TV,BPL,43.0,,,,,,HD,,1920 x 1080 - fhd,,60.0,3.0,2.0,2.0,27881
LG 121.92 cm (48 inch) OLED Ultra HD (4K) Smart TV,LG,48.0,1.0,1.0,1.0,1.0,webos,Ultra HD,4k,,,120.0,4.0,3.0,1.0,116939
SAMSUNG 8 138 cm (55 inch) QLED Ultra HD (4K) Smart TV,SAMSUNG,55.0,1.0,1.0,1.0,,tizen,Ultra HD,4k,,60.0,60.0,4.0,2.0,1.0,109990
SAMSUNG 123 cm (49 inch) Ultra HD (4K) Curved LED Smart TV,SAMSUNG,49.0,,,,,tizen,Ultra HD,4k,,20.0,200.0,3.0,2.0,1.0,146900
LG 108 cm (43 inch) Ultra HD (4K) LED Smart TV,LG,43.0,,,1.0,,webos,Ultra HD,4k,,35.0,50.0,3.0,2.0,1.0,47499
SAMSUNG The Frame 2020 Series 163 cm (65 inch) QLED Ultra HD (4K) Smart TV,SAMSUNG,65.0,1.0,1.0,1.0,1.0,tizen,Ultra HD,4k,,40.0,120.0,4.0,2.0,1.0,122290
LG 139.7 cm (55 inch) Ultra HD (4K) LED Smart TV,LG,55.0,1.0,1.0,1.0,,webos,Ultra HD,4k,,20.0,50.0,4.0,2.0,1.0,60990
Skyworth 80 cm (81.28 cm) HD Ready LED Smart TV,Skyworth,,,,,,,HD,,1366?x?768,20.0,60.0,3.0,2.0,1.0,11305
SAMSUNG 125 cm (50 inch) Ultra HD (4K) LED Smart TV,SAMSUNG,50.0,,,,,tizen,Ultra HD,4k,,20.0,200.0,3.0,2.0,1.0,125900
SAMSUNG 126 cm (50 inch) Full HD LED Smart TV,SAMSUNG,50.0,,,,,,Full HD,,,20.0,100.0,3.0,2.0,1.0,54990
Blaupunkt Cybersound 80 cm (32 inch) HD Ready LED Smart Android TV with 40W Speaker,Blaupunkt,32.0,,1.0,1.0,1.0,android,HD,,1366 x 768,40.0,60.0,3.0,2.0,1.0,13499
Intex 98 cm (38 inch) HD Ready LED TV,Intex,38.0,,,,,,HD,,1366 x 768,20.0,60.0,2.0,2.0,1.0,19800
SAMSUNG Q60RAK 163 cm (65 inch) QLED Ultra HD (4K) Smart TV,SAMSUNG,65.0,1.0,1.0,1.0,,tizen,Ultra HD,4k,,20.0,200.0,4.0,2.0,1.0,198599
SAMSUNG Series 7 163 cm (65 inch) Ultra HD (4K) LED Smart TV,SAMSUNG,65.0,1.0,1.0,1.0,,tizen,Ultra HD,4k,,20.0,100.0,3.0,2.0,1.0,122299
LG 123 cm (49 inch) Full HD LED Smart TV,LG,49.0,,,,,webos,Full HD,,,20.0,50.0,3.0,2.0,1.0,77990
HUIDI 60 cm (24 inch) HD Ready LED TV,HUIDI,24.0,,,,,,HD,,1366 x 768,10.0,60.0,1.0,1.0,1.0,6999
SAMSUNG 190 cm (75 inch) Ultra HD (4K) LED Smart TV,SAMSUNG,75.0,1.0,1.0,1.0,,tizen,Ultra HD,4k,,20.0,60.0,3.0,2.0,1.0,154990
Nokia 164 cm (65 inch) Ultra HD (4K) LED Smart Android TV with Sound by Onkyo,Nokia,65.0,1.0,1.0,1.0,1.0,android,Ultra HD,4k,,48.0,60.0,3.0,2.0,1.0,57999
LG 123 cm (49 inch) Ultra HD (4K) LED Smart TV,LG,49.0,,,,,webos,Ultra HD,4k,,20.0,50.0,2.0,1.0,1.0,80990
SAMSUNG Series 7 138 cm (55 inch) Ultra HD (4K) Curved LED Smart TV,SAMSUNG,55.0,1.0,1.0,1.0,,tizen,Ultra HD,4k,,40.0,200.0,4.0,3.0,1.0,229900
KODAK 7XPro 126 cm (50 inch) Ultra HD (4K) LED Smart Android TV with 40W Sound Output & Bezel-Less Des...,KODAK,50.0,,1.0,1.0,1.0,android,Ultra HD,4k,,40.0,60.0,3.0,2.0,1.0,30999
IMPEX Gloria 50 126 cm (50 inch) Full HD LED TV,IMPEX,50.0,,,,,,Full HD,,,16.0,50.0,2.0,2.0,3.0,49679
SAMSUNG 4 80 cm (32 inch) HD Ready LED TV,SAMSUNG,32.0,,,,,,HD,,1366 x 768,10.0,50.0,2.0,1.0,1.0,22000
Onix 108 cm (43 inch) Full HD LED Smart Android TV,Onix,43.0,1.0,1.0,1.0,,android,Full HD,,,16.0,60.0,2.0,2.0,1.0,46979
SAMSUNG 6 189 cm (75 inch) QLED Ultra HD (4K) Smart TV,SAMSUNG,75.0,1.0,1.0,1.0,,tizen,Ultra HD,4k,,20.0,60.0,3.0,2.0,1.0,341590
Hisense U80G Series 189 cm (75 inch) QLED Ultra HD (8K) Smart Android TV,Hisense,75.0,1.0,1.0,1.0,,android,Ultra HD,8k,,36.0,120.0,4.0,2.0,1.0,399990
LG 139 cm (55 inch) Full HD LED Smart TV,LG,55.0,1.0,,1.0,,webos,HD,,,20.0,60.0,2.0,1.0,1.0,103990
SAMSUNG 7 138 cm (55 inch) Ultra HD (4K) LED Smart TV,SAMSUNG,55.0,1.0,1.0,1.0,,tizen,Ultra HD,4k,,20.0,60.0,3.0,1.0,1.0,58890
Croma 109 cm (43 inch) Ultra HD (4K) LED Smart TV,Croma,43.0,1.0,1.0,1.0,1.0,firetv os 6,Ultra HD,4k,,20.0,60.0,2.0,2.0,3.0,32990
LG Nanocell 139 cm (55 inch) Ultra HD (4K) LED Smart TV,LG,55.0,1.0,1.0,1.0,,webos,Ultra HD,4k,,20.0,100.0,4.0,3.0,1.0,94837
SAMSUNG 163 cm (65 inch) QLED Ultra HD (4K) Smart TV,SAMSUNG,65.0,1.0,1.0,1.0,,tizen,Ultra HD,4k,,60.0,120.0,4.0,2.0,1.0,219990
SAMSUNG 138 cm (55 inch) QLED Ultra HD (4K) Smart TV,SAMSUNG,55.0,,,,,,Ultra HD,4k,,60.0,120.0,4.0,2.0,1.0,144990
SAMSUNG Q Series 163 cm (65 inch) QLED Ultra HD (4K) Smart TV,SAMSUNG,65.0,1.0,1.0,1.0,,tizen,Ultra HD,4k,,40.0,200.0,4.0,3.0,1.0,440900
LG 177.8 cm (70 inch) Ultra HD (4K) LED Smart TV,LG,70.0,1.0,1.0,1.0,,webos,Ultra HD,4k,,20.0,50.0,3.0,2.0,1.0,119989
LG 139 cm (55 inch) Ultra HD (4K) LED Smart TV,LG,55.0,1.0,,1.0,,webos,Ultra HD,4k,,20.0,50.0,4.0,2.0,1.0,104990
LG Nanocell 139 cm (55 inch) Ultra HD (4K) LED Smart TV,LG,55.0,1.0,1.0,1.0,1.0,webos,Ultra HD,4k,,20.0,50.0,4.0,3.0,1.0,64990
SAMSUNG 138 cm (55 inch) QLED Ultra HD (4K) Smart TV,SAMSUNG,55.0,,,,,,Ultra HD,,,60.0,120.0,4.0,2.0,1.0,119990
SAMSUNG Q Series 138 cm (55 inch) QLED Ultra HD (4K) Smart TV,SAMSUNG,55.0,1.0,1.0,1.0,,tizen,Ultra HD,4k,,40.0,200.0,4.0,2.0,1.0,159500
LG 139 cm (55 inch) OLED Ultra HD (4K) Smart TV,LG,55.0,1.0,,1.0,,webos,Ultra HD,4k,,40.0,120.0,4.0,3.0,1.0,156999
LG 123 cm (49 inch) Full HD LED Smart TV,LG,49.0,1.0,,1.0,,webos,Full HD,,,20.0,50.0,2.0,1.0,1.0,68990
LG C9 164 cm (65 inch) OLED Ultra HD (4K) Smart TV,LG,65.0,1.0,1.0,1.0,,webos,Ultra HD,4k,,40.0,120.0,4.0,3.0,3.0,262999
SAMSUNG 108 cm (43 inch) Ultra HD (4K) LED Smart TV,SAMSUNG,43.0,1.0,1.0,1.0,,tizen,Ultra HD,4k,,20.0,60.0,3.0,2.0,1.0,36999
SAMSUNG 125 cm (50 inch) Ultra HD (4K) LED Smart TV,SAMSUNG,50.0,1.0,1.0,1.0,,tizen,Ultra HD,4k,,20.0,60.0,3.0,2.0,1.0,52890
SAMSUNG 190 cm (75 inch) Ultra HD (4K) LED Smart TV,SAMSUNG,75.0,1.0,1.0,1.0,,tizen,Ultra HD,4k,,20.0,60.0,3.0,2.0,1.0,159990
SAMSUNG 138 cm (55 inch) QLED Ultra HD (4K) Smart TV,SAMSUNG,55.0,1.0,1.0,1.0,,tizen,Ultra HD,4k,,20.0,60.0,4.0,2.0,1.0,94990
SAMSUNG 7 125 cm (50 inch) Ultra HD (4K) LED Smart TV,SAMSUNG,50.0,1.0,1.0,1.0,,tizen,Ultra HD,4k,,20.0,60.0,3.0,1.0,1.0,54990
SAMSUNG 165 cm (65 inch) QLED Ultra HD (4K) Smart TV,SAMSUNG,65.0,1.0,1.0,1.0,,tizen,Ultra HD,4k,,20.0,60.0,4.0,2.0,1.0,159990
LG 123 cm (49 inch) Full HD LED Smart TV,LG,49.0,1.0,,1.0,,webos,Full HD,,,20.0,50.0,3.0,2.0,1.0,67990
SAMSUNG 6 163 cm (65 inch) QLED Ultra HD (4K) Smart TV,SAMSUNG,65.0,1.0,1.0,1.0,,tizen,Ultra HD,4k,,20.0,60.0,3.0,2.0,1.0,149990
JVC 80 cm (32 inch) HD Ready LED Smart TV,JVC,32.0,1.0,1.0,1.0,1.0,android based,HD,,1366x768,12.0,60.0,2.0,2.0,1.0,13990
Panasonic 81 cm (32 inch) HD Ready LED TV,Panasonic,32.0,,,,,,HD,,1366 x 768,16.0,100.0,1.0,1.0,1.0,28399
LG Super UHD 164 cm (65 inch) Ultra HD (4K) LED Smart TV,LG,65.0,,,,,webos,Ultra HD,4k,,40.0,60.0,4.0,3.0,1.0,356990
SAMSUNG Series 5 138 cm (55 inch) Full HD LED Smart TV,SAMSUNG,55.0,1.0,1.0,1.0,,tizen,Full HD,,,20.0,120.0,3.0,2.0,1.0,118900
SAMSUNG 123 cm (49 inch) Full HD LED TV,SAMSUNG,49.0,,,,,,Full HD,,,20.0,100.0,2.0,2.0,1.0,69500
SAMSUNG 121 cm (48 inch) Full HD LED TV,SAMSUNG,48.0,,,,,,Full HD,,,20.0,100.0,2.0,2.0,1.0,49990
Sansui 80 cm (32 inch) HD Ready LED Smart TV,Sansui,32.0,1.0,,1.0,1.0,linux,HD,,1366 x 768,20.0,50.0,2.0,2.0,1.0,12499
Micromax 80 cm (31.5 inch) HD Ready LED TV,Micromax,31.5,,,,,,HD,,1366 x 768,10.0,60.0,,,1.0,23989
SAMSUNG The Serif Series 123 cm (49 inch) QLED Ultra HD (4K) Smart TV,SAMSUNG,49.0,1.0,1.0,1.0,1.0,tizen,Ultra HD,4k,,40.0,60.0,4.0,2.0,1.0,79990
SAMSUNG 125 cm (50 inch) QLED Ultra HD (4K) Smart TV,SAMSUNG,50.0,1.0,1.0,1.0,,tizen,Ultra HD,4k,,20.0,60.0,3.0,2.0,1.0,69990
Micromax 81 cm (32 inch) HD Ready LED Smart TV,Micromax,32.0,1.0,1.0,1.0,,android based,HD,,1366 x 768,20.0,60.0,2.0,2.0,1.0,25990
Croma 80 cm (32 inch) HD Ready LED Smart TV,Croma,32.0,1.0,1.0,1.0,1.0,firetv os 6,HD,,1366 x 768,20.0,60.0,2.0,1.0,3.0,18990
JVC 140 cm (55 inch) Ultra HD (4K) LED Smart TV with Quantum Backlit Technology,JVC,55.0,1.0,1.0,1.0,1.0,android based,Ultra HD,4k,,50.0,60.0,3.0,2.0,1.0,37999
SONY 108 cm (43 inch) Ultra HD (4K) LED Smart TV,SONY,43.0,,,,,,Ultra HD,4k,,10.0,50.0,2.0,2.0,1.0,63990
Croma 80 cm (32 inch) HD Ready LED Smart TV,Croma,32.0,1.0,1.0,1.0,1.0,firetv os 6,HD,,1366 x 768,20.0,60.0,2.0,2.0,1.0,16490
Croma 81.28 cm (32 inch) HD Ready LED TV,Croma,32.0,,,,,,HD,,1366 x 786,20.0,60.0,2.0,2.0,3.0,15990
Croma 108 cm (43 inch) Full HD LED Smart TV,Croma,43.0,1.0,1.0,1.0,1.0,firetv os 6,Full HD,,,20.0,60.0,2.0,1.0,3.0,28990
Akai 4K - UHD Series 139.7 cm (55 inch) Ultra HD (4K) LED Smart TV,Akai,55.0,,1.0,1.0,,android based,Ultra HD,4k,,20.0,60.0,3.0,2.0,3.0,46345
Sansui 127 cm (50 inch) Ultra HD (4K) LED Smart Android TV,Sansui,50.0,1.0,1.0,1.0,,android,Ultra HD,4k,,20.0,60.0,3.0,2.0,1.0,45190
Thomson 9A Series 108 cm (43 inch) Full HD LED Smart Android TV with Bezel Less Display,Thomson,43.0,,1.0,1.0,1.0,android,Full HD,,,40.0,60.0,3.0,2.0,1.0,21999
TCL P615 189 cm (75 inch) Ultra HD (4K) LED Smart Android TV,TCL,75.0,1.0,1.0,1.0,1.0,android,HD,4k,,24.0,60.0,3.0,2.0,1.0,132880
SAMSUNG 123 cm (49 inch) Full HD LED Smart TV,SAMSUNG,49.0,1.0,1.0,1.0,,tizen,Full HD,,,20.0,60.0,2.0,2.0,1.0,65999
KODAK 7XPRO Series 126 cm (50 inch) Ultra HD (4K) LED Smart Android TV,KODAK,50.0,,1.0,1.0,,android,Ultra HD,4k,,24.0,60.0,3.0,2.0,1.0,29999
SAMSUNG 80 cm (32 inch) HD Ready LED TV,SAMSUNG,32.0,1.0,1.0,1.0,,tizen,HD,,1366 x 768,20.0,60.0,2.0,1.0,1.0,16900
Akai 139.7 cm (55 inch) QLED Ultra HD (4K) Smart TV,Akai,55.0,,,,,,Ultra HD,4k,,10.0,60.0,3.0,2.0,1.0,55947
LG 127 cm (50 inch) Ultra HD (4K) LED Smart TV,LG,50.0,1.0,1.0,1.0,1.0,webos,Ultra HD,4k,,20.0,60.0,2.0,1.0,2.0,49592
Haier 127 cm (50 inch) Ultra HD (4K) LED Smart Android TV,Haier,50.0,1.0,1.0,1.0,1.0,android,Ultra HD,4k,,20.0,60.0,4.0,2.0,2.0,34999
JVC 164 cm (65 inch) Ultra HD (4K) LED Smart Android TV,JVC,65.0,1.0,1.0,1.0,1.0,android,Ultra HD,4k,,8.0,57.0,3.0,2.0,1.0,55000
JVC 139 cm (55 inch) Ultra HD (4K) LED Smart Android TV,JVC,55.0,1.0,1.0,1.0,1.0,android,Ultra HD,4k,,8.0,47.0,3.0,2.0,1.0,45000
Micromax 81 cm (32 inch) HD Ready LED TV with IPS Panel,Micromax,32.0,,,,,,HD,,1366 x 768,24.0,60.0,2.0,2.0,1.0,13199
SAMSUNG 163 cm (65 inch) Ultra HD (4K) LED Smart TV,SAMSUNG,65.0,,,,,tizen,Ultra HD,4k,,20.0,120.0,3.0,2.0,1.0,295900
Sansui 109 cm (43 inch) Full HD LED Smart Android TV,Sansui,43.0,1.0,1.0,1.0,,android,Full HD,,,20.0,60.0,2.0,2.0,1.0,22999
JVC Ultra Luminious Series 80 cm (32 inch) HD Ready LED TV,JVC,32.0,,,,,,HD,,1366 x 768,20.0,60.0,1.0,2.0,1.0,18999
LG 108 cm (43 inch) Full HD LED TV,LG,43.0,,,,,linux,Full HD,,,20.0,50.0,2.0,1.0,1.0,35999
Thomson 9R Series 108 cm (43 inch) Ultra HD (4K) LED Smart Android TV,Thomson,43.0,,1.0,1.0,1.0,android,Ultra HD,4k,,24.0,60.0,3.0,2.0,1.0,25999
Onix 126 cm (50 inch) Ultra HD (4K) LED Smart Android TV,Onix,50.0,1.0,1.0,1.0,,android,Ultra HD,4k,,16.0,60.0,2.0,2.0,1.0,59979
Adsun 60 cm (24 inch) HD Ready LED TV,Adsun,24.0,,,,,,HD,,1366 x 768,20.0,60.0,1.0,1.0,1.0,7290
LG Nanocell 123 cm (49 inch) Ultra HD (4K) LED Smart TV,LG,49.0,1.0,1.0,1.0,1.0,webos,Ultra HD,4k,,20.0,50.0,4.0,3.0,1.0,74999
HUIDI 98 cm (40 inch) HD Ready LED Smart TV,HUIDI,40.0,1.0,1.0,1.0,,android based,HD,,1366 x 768,20.0,60.0,2.0,2.0,1.0,15199
SAMSUNG 108 cm (43 inch) Full HD LED TV,SAMSUNG,43.0,,,,,,Full HD,,,20.0,60.0,2.0,2.0,1.0,50900
SAMSUNG Series 7 138 cm (55 inch) Ultra HD (4K) LED Smart TV,SAMSUNG,55.0,1.0,1.0,1.0,,tizen,Ultra HD,4k,,20.0,100.0,3.0,2.0,1.0,145900
Onix 80 cm (32 inch) HD Ready LED Smart Android TV,Onix,32.0,1.0,1.0,1.0,,android,HD,,1366 x 768,16.0,60.0,2.0,2.0,1.0,19790
TCL 165 cm (65 inch) Ultra HD (4K) LED Smart Android TV,TCL,65.0,,,,,android,Ultra HD,4k,,16.0,60.0,3.0,2.0,,68990
Panasonic 108 cm (43 inch) Ultra HD (4K) LED Smart TV,Panasonic,43.0,,,,,,Ultra HD,4k,,20.0,60.0,3.0,2.0,1.0,40388
SAMSUNG Series 6 123 cm (49 inch) Ultra HD (4K) LED Smart TV,SAMSUNG,49.0,1.0,1.0,1.0,,tizen,Ultra HD,4k,,20.0,100.0,3.0,2.0,1.0,129900
Coocaa 108 cm (43 inch) Full HD LED Smart Android TV,Coocaa,43.0,1.0,1.0,1.0,,android,Full HD,,,20.0,60.0,2.0,2.0,1.0,20999
LG UHD 190 cm (75 inch) Ultra HD (4K) LED Smart TV,LG,75.0,1.0,1.0,1.0,1.0,webos,Ultra HD,4k,,20.0,50.0,4.0,2.0,1.0,149990
LG 139.7 cm (55 inch) Ultra HD (4K) LED Smart TV,LG,55.0,1.0,1.0,1.0,,webos,Ultra HD,4k,,20.0,50.0,3.0,2.0,1.0,59990
SAMSUNG Q60RAK 138 cm (55 inch) QLED Ultra HD (4K) Smart TV,SAMSUNG,55.0,1.0,1.0,1.0,,tizen,Ultra HD,4k,,20.0,100.0,4.0,2.0,1.0,121999
JVC 80 cm (32 inch) HD Ready LED Smart Android TV,JVC,32.0,1.0,1.0,1.0,1.0,android,HD,,1366 x 768,8.0,60.0,2.0,2.0,1.0,16990
LG Ultra HD 108 cm (43 inch) Ultra HD (4K) LED Smart TV,LG,43.0,,,,,webos,Full HD,4k,,20.0,100.0,2.0,1.0,1.0,79990
SAMSUNG Series 7 163 cm (65 inch) Ultra HD (4K) LED Smart TV,SAMSUNG,65.0,1.0,1.0,1.0,,tizen,Ultra HD,4k,,20.0,100.0,3.0,2.0,1.0,159500
VG 108 cm (43 inch) Ultra HD (4K) LED Smart TV,VG,43.0,1.0,1.0,1.0,,android based,Ultra HD,4k,,10.0,60.0,3.0,2.0,2.0,24990
SAMSUNG Series 6 138 cm (55 inch) Ultra HD (4K) LED Smart TV,SAMSUNG,55.0,1.0,1.0,1.0,,tizen,Ultra HD,4k,,20.0,100.0,3.0,2.0,1.0,149900
iFFALCON F52 108 cm (43 inch) Full HD LED Smart Android TV,iFFALCON,43.0,1.0,1.0,1.0,1.0,android,Full HD,,,20.0,60.0,2.0,1.0,1.0,44900
Micromax 139 cm (55 inch) Ultra HD (4K) LED Smart Android TV,Micromax,55.0,1.0,1.0,1.0,,android,Ultra HD,4k,,30.0,60.0,3.0,2.0,1.0,49999
Oxygen A2 108 cm (43 inch) Ultra HD (4K) LED Smart Android TV,Oxygen,43.0,1.0,,1.0,1.0,android,Ultra HD,4k,,20.0,60.0,3.0,2.0,1.0,32990
Sansui 140 cm (55 inch) Ultra HD (4K) LED Smart TV,Sansui,55.0,,,,,,Ultra HD,4k,,20.0,60.0,3.0,2.0,1.0,69200
iFFALCON AI Powered K31 138.78 cm (55 inch) Ultra HD (4K) LED Smart Android TV with HDR 10,iFFALCON,55.0,1.0,1.0,1.0,1.0,android,HD,4k,,20.0,60.0,3.0,2.0,1.0,43699
Vu Pixelight 163 cm (65 inch) Ultra HD (4K) LED Smart TV,Vu,65.0,1.0,,1.0,,linux based,Ultra HD,4k,,30.0,50.0,4.0,3.0,1.0,116000
SAMSUNG 80 cm (32 inch) HD Ready LED Smart TV,SAMSUNG,32.0,1.0,1.0,1.0,,tizen,HD,,1366 x 768,20.0,60.0,2.0,1.0,1.0,19990
Oxygen A2 165.1 cm (65 inch) Ultra HD (4K) LED Smart Android TV,Oxygen,65.0,1.0,,1.0,1.0,android,Ultra HD,4k,,20.0,60.0,3.0,2.0,1.0,69990
T-Series ECO 80 cm (32 inch) HD Ready LED TV,T-Series,32.0,,,,,linux,HD,,1366 x 768,16.0,60.0,2.0,2.0,1.0,11990
iFFALCON H72 164 cm (65 inch) QLED Ultra HD (4K) Smart Android TV Hands Free Voice Control & Works wit...,iFFALCON,65.0,1.0,1.0,1.0,,android,Ultra HD,4k,,24.0,60.0,3.0,2.0,1.0,91999
Coocaa 81 cm (32 inch) HD Ready LED Smart TV with YouTube,Coocaa,32.0,,,1.0,,linux,HD,,1366 x 768,20.0,60.0,3.0,1.0,1.0,12499
Coocaa 127 cm (50 inch) Ultra HD (4K) LED Smart TV,Coocaa,50.0,1.0,,1.0,1.0,linux,Ultra HD,4k,,20.0,60.0,3.0,2.0,1.0,29999
T-Series 98 cm (40 inch) HD Ready LED Smart Android TV,T-Series,40.0,1.0,1.0,1.0,1.0,android,HD,,1366 x 768,16.0,50.0,2.0,2.0,1.0,19999
Nokia 109 cm (43 inch) Full HD LED Smart Android TV with Sound by Onkyo and Dolby Atmos,Nokia,43.0,1.0,1.0,1.0,1.0,android,Full HD,,,39.0,60.0,2.0,2.0,1.0,29999
Micromax Smart LED TV 98 cm (38.5 inch) HD Ready LED Smart TV,Micromax,38.5,1.0,1.0,1.0,1.0,android based,HD,,1366 x 768,20.0,60.0,2.0,2.0,1.0,18999
Compaq HUEQ G43B 108 cm (43 inch) Ultra HD (4K) LED Smart Android TV,Compaq,43.0,1.0,1.0,1.0,1.0,android,Ultra HD,4k,,24.0,60.0,3.0,2.0,1.0,45999
Compaq HUEQ G50B 127 cm (50 inch) Ultra HD (4K) LED Smart Android TV,Compaq,50.0,1.0,1.0,1.0,1.0,android,Ultra HD,4k,,24.0,60.0,3.0,2.0,1.0,54999
Compaq HUEQ W32N 80 cm (32 inch) HD Ready LED TV,Compaq,32.0,,,,,,HD,,1366 x 768,20.0,60.0,2.0,2.0,1.0,17999
SAMSUNG Series 7 123 cm (49 inch) Ultra HD (4K) LED Smart TV,SAMSUNG,49.0,1.0,1.0,1.0,,tizen,Ultra HD,4k,,20.0,60.0,3.0,2.0,1.0,64499
Compaq HUEQ R58 146 cm (58 inch) Ultra HD (4K) LED Smart Android TV,Compaq,58.0,1.0,1.0,1.0,1.0,android,Ultra HD,4k,,24.0,60.0,3.0,2.0,1.0,64999
LG 139.7 cm (55 inch) Ultra HD (4K) LED Smart TV,LG,55.0,1.0,1.0,1.0,,webos,Ultra HD,4k,,20.0,50.0,3.0,2.0,1.0,57689
SONY Bravia W672G 108 cm (43 inch) Full HD LED Smart TV,SONY,43.0,1.0,,1.0,,linux based,Full HD,,,20.0,50.0,2.0,2.0,1.0,49500
Thomson B9 Series 80 cm (32 inch) HD Ready LED Smart TV,Thomson,32.0,1.0,1.0,1.0,,android based,HD,,1366 x 768,20.0,60.0,3.0,2.0,1.0,16999
SAMSUNG 138 cm (55 inch) QLED Ultra HD (4K) Smart TV,SAMSUNG,55.0,1.0,1.0,1.0,,tizen,Ultra HD,4k,,60.0,60.0,4.0,2.0,1.0,114990
PHILIPS Slim 80 cm (32 inch) HD Ready LED TV with NA,PHILIPS,32.0,,,,,,HD,,1366 x 768,16.0,60.0,2.0,1.0,2.0,16699
Haier E-series 165 cm (65 inch) Ultra HD (4K) LED Smart Android TV,Haier,65.0,1.0,1.0,1.0,,android,Ultra HD,4k,,20.0,60.0,4.0,2.0,1.0,99999
Compaq HUEQ W32S 80 cm (32 inch) HD Ready LED Smart Android TV,Compaq,32.0,1.0,1.0,1.0,1.0,android,HD,,1366 x 768,24.0,60.0,3.0,2.0,1.0,21999
SAMSUNG 139 cm (55 inch) QLED Ultra HD (4K) Smart TV,SAMSUNG,55.0,1.0,1.0,1.0,,tizen,Ultra HD,4k,,60.0,60.0,4.0,2.0,1.0,144990
Compaq HUEQ W40 100 cm (40 inch) Full HD LED Smart Android TV,Compaq,40.0,1.0,1.0,1.0,1.0,android,Full HD,,,24.0,60.0,3.0,2.0,1.0,34999
Haier 127 cm (65 inch) Ultra HD (4K) LED Smart Android TV,Haier,65.0,1.0,1.0,1.0,1.0,android,Ultra HD,4k,,20.0,60.0,4.0,2.0,2.0,69379
BPL 80 cm (32 inch) HD Ready LED Smart TV,BPL,32.0,,,,,,HD,,1366 x 768,16.0,60.0,3.0,2.0,2.0,17349
Panasonic 123.4 cm (49 inch) Full HD LED Smart TV,Panasonic,49.0,,,1.0,,android based,Full HD,,,20.0,100.0,3.0,2.0,1.0,44446
Nacson Series 8 80 cm (32 inch) HD Ready LED Smart TV,Nacson,32.0,,1.0,1.0,,android based,HD,,1366 x 768,20.0,100.0,2.0,2.0,3.0,15590
Micromax 109 cm (43 inch) Ultra HD (4K) LED Smart TV,Micromax,43.0,,,,,,Ultra HD,4k,,20.0,60.0,2.0,3.0,1.0,91990
Panasonic 165 cm (65 inch) Ultra HD (4K) LED Smart TV,Panasonic,65.0,,,,,,Ultra HD,4k,,20.0,60.0,3.0,2.0,1.0,97929
CloudWalker Cloud TV 109 cm (43 inch) Full HD LED Smart TV,CloudWalker,43.0,1.0,1.0,1.0,,android based,Full HD,,,8.0,60.0,2.0,2.0,1.0,21999
SAMSUNG Series 4 80 cm (32 inch) HD Ready LED TV,SAMSUNG,32.0,,,,,,HD,,1366 x 768,10.0,100.0,1.0,1.0,1.0,17999
LumX Border Less 80 cm (32 inch) HD Ready LED Smart Android TV,LumX,32.0,1.0,1.0,,1.0,android,HD,,1366x768p,24.0,60.0,2.0,2.0,1.0,11290
BPL 165 cm (65 inch) Ultra HD (4K) LED Smart Android TV,BPL,65.0,,,,,android,Ultra HD,4k,,20.0,60.0,3.0,2.0,2.0,69990
iFFALCON 163.82 cm (65 inch) Ultra HD (4K) LED Smart Android TV with Micro Dimming and Google Assistan...,iFFALCON,65.0,1.0,1.0,1.0,,android,Ultra HD,4k,,16.0,60.0,4.0,2.0,1.0,49999
iFFALCON V2A 163.83 cm (65 inch) QLED Ultra HD (4K) Smart Android TV,iFFALCON,65.0,1.0,1.0,1.0,,android,Ultra HD,4k,,30.0,60.0,3.0,2.0,1.0,84999
Croma 139 cm (55 inch) Ultra HD (4K) LED Smart TV,Croma,55.0,1.0,1.0,1.0,1.0,firetv os 7,Ultra HD,4k,,20.0,60.0,2.0,2.0,3.0,44990
SAMSUNG 80 cm (32 inch) HD Ready LED Smart TV,SAMSUNG,32.0,,,,,tizen,HD,,"1,366 x 768",20.0,60.0,2.0,1.0,1.0,23420
VG 108 cm (43 inch) Full HD LED Smart TV,VG,43.0,1.0,1.0,1.0,1.0,android based,Full HD,,,24.0,60.0,2.0,2.0,2.0,23990
LG 108 cm (43 inch) Full HD LED Smart TV,LG,43.0,,,,,,Full HD,,,20.0,50.0,3.0,2.0,1.0,58900
VG 108 cm (43 inch) Full HD LED Smart TV,VG,43.0,1.0,1.0,1.0,1.0,android based,Full HD,,,24.0,60.0,2.0,2.0,2.0,22990
Micromax 124 cm (49 inch) Ultra HD (4K) LED Smart Android TV,Micromax,49.0,1.0,1.0,1.0,,android,Ultra HD,4k,,30.0,60.0,3.0,2.0,1.0,42490
LG 177.8 cm (70 inch) Ultra HD (4K) LED Smart TV,LG,70.0,1.0,1.0,1.0,,webos,Ultra HD,4k,,20.0,60.0,2.0,1.0,1.0,109649
T-Series 109 cm (43 inch) Full HD LED Smart Android TV,T-Series,43.0,,,,1.0,android,Full HD,,,75.0,50.0,2.0,2.0,1.0,26999
SAMSUNG 6 125 cm (50 inch) QLED Ultra HD (4K) Smart TV,SAMSUNG,50.0,1.0,1.0,1.0,,tizen,Ultra HD,4k,,20.0,60.0,3.0,2.0,1.0,72990
Lloyd 126 cm (50 inch) Ultra HD (4K) LED Smart TV,Lloyd,50.0,,,,,webos,Ultra HD,4k,,20.0,60.0,3.0,2.0,1.0,48169
Lloyd 98 cm (38.5 inch) Full HD LED TV,Lloyd,38.5,,,,,,Full HD,,,14.0,60.0,2.0,2.0,3.0,30000
Lloyd 80 cm (32 inch) HD Ready LED Smart TV,Lloyd,32.0,,,,,,HD,,1366*768,16.0,5.0,2.0,2.0,,16990
VG 80 cm (32 inch) HD Ready LED TV,VG,32.0,,,,,,HD,,1366 x 768,24.0,50.0,2.0,2.0,2.0,12990
PHILIPS 80 cm (32 inch) HD Ready LED Smart Android TV 2021 Edition,PHILIPS,32.0,,,,,android,HD,,1366 x 768,600.0,60.0,2.0,2.0,2.0,20890
Lloyd 80 cm (32 inch) HD Ready LED Smart TV,Lloyd,32.0,,,,,,HD,,1366 x 768,20.0,60.0,2.0,2.0,1.0,19966
VG 80 cm (32 inch) HD Ready LED Smart TV,VG,32.0,1.0,1.0,1.0,1.0,android based,HD,,1366 x 768,24.0,60.0,2.0,2.0,2.0,13990
Lloyd 108 cm (43 inch) Full HD LED Smart TV,Lloyd,43.0,,,,,,Full HD,,,20.0,60.0,3.0,2.0,1.0,36089
Micromax 127 cm (50 inch) Full HD LED TV,Micromax,50.0,,,,,,Full HD,,,20.0,60.0,2.0,2.0,1.0,66990
Haier 80 cm (32 inch) HD Ready LED Smart Android TV,Haier,32.0,1.0,1.0,1.0,,android,HD,,1366 x 768,20.0,60.0,3.0,1.0,1.0,17900
Kevin 140 cm (55 inch) Ultra HD (4K) LED Smart TV,Kevin,55.0,1.0,1.0,1.0,,android based,Ultra HD,4k,,20.0,60.0,2.0,2.0,1.0,42999
Lloyd 126 cm (50 inch) Ultra HD (4K) LED Smart TV,Lloyd,50.0,,,,,webos,Ultra HD,4k,,20.0,60.0,3.0,2.0,1.0,48637
iFFALCON 138.71 cm (55 inch) Ultra HD (4K) LED Smart Android TV with Netflix,iFFALCON,55.0,1.0,1.0,1.0,,android,Ultra HD,4k,,16.0,60.0,4.0,2.0,,36999
SAMSUNG 108 cm (43 inch) Ultra HD (4K) LED Smart TV,SAMSUNG,43.0,1.0,1.0,1.0,,tizen,Ultra HD,4k,,20.0,60.0,3.0,2.0,1.0,48990
LG 109.22 cm (43 inch) Ultra HD (4K) LED Smart TV,LG,43.0,,,,,,Ultra HD,4k,,20.0,60.0,2.0,1.0,1.0,42990
Lloyd 146 cm (58 inch) Ultra HD (4K) LED Smart TV,Lloyd,58.0,,,,,,Ultra HD,4k,,20.0,60.0,3.0,2.0,1.0,65018
Lloyd 123 cm (48.4 inch) Full HD LED TV,Lloyd,48.4,,,,,,Full HD,,,16.0,60.0,3.0,2.0,3.0,39999
CloudWalker 109 cm (43 inch) Ultra HD (4K) LED Smart TV,CloudWalker,43.0,1.0,1.0,1.0,,android based,Ultra HD,4k,,10.0,60.0,3.0,2.0,1.0,24999
Candes 108 cm (43 inch) Full HD LED Smart Android TV 2021 Edition,Candes,43.0,1.0,1.0,1.0,1.0,android,Full HD,,,20.0,60.0,2.0,2.0,1.0,21999
T-Series 109 cm (43 inch) Full HD LED Smart TV,T-Series,43.0,1.0,1.0,1.0,1.0,,Full HD,,,16.0,50.0,2.0,2.0,,26999
MarQ By Flipkart Innoview 108 cm (43 inch) Full HD LED Smart Android TV (43AAFHDM),MarQ,43.0,1.0,1.0,1.0,,android,Full HD,,,20.0,60.0,3.0,2.0,1.0,25999
LG 123 cm (49 inch) Ultra HD (4K) LED Smart TV,LG,49.0,1.0,,1.0,,webos,Ultra HD,4k,,20.0,50.0,4.0,2.0,1.0,78499
JVC 4K SMART LED TV 109 cm (43 inch) Ultra HD (4K) LED Smart Android TV,JVC,43.0,,1.0,1.0,,android,Ultra HD,4k,,8.0,60.0,3.0,2.0,3.0,26990
VG 98 cm (39 inch) HD Ready LED TV,VG,39.0,,,,,,HD,,1366 x 768,8.0,60.0,2.0,2.0,1.0,18990
Dyanora 106 cm (42 inch) Full HD LED Smart TV,Dyanora,42.0,1.0,1.0,1.0,1.0,android based,Full HD,,,20.0,60.0,2.0,2.0,1.0,19999
SAMSUNG 4 80 cm (32 inch) HD Ready LED TV,SAMSUNG,32.0,,,,,,HD,,1366 x 768,10.0,50.0,2.0,1.0,1.0,25900
Panasonic 139 cm (55 inch) Ultra HD (4K) LED Smart Android TV,Panasonic,55.0,1.0,1.0,1.0,1.0,android,Ultra HD,4k,,20.0,60.0,3.0,2.0,1.0,68999
Dyanora 80 cm (32 inch) HD Ready LED Smart Android TV,Dyanora,32.0,1.0,1.0,1.0,1.0,android,HD,,1366 x 768,20.0,60.0,2.0,2.0,1.0,15999
Haier 139 cm (55 inch) Ultra HD (4K) LED Smart Android TV,Haier,55.0,1.0,1.0,1.0,,android,Ultra HD,4k,,20.0,60.0,4.0,2.0,1.0,84490
Panasonic 123 cm (49 inch) Full HD LED TV,Panasonic,49.0,,,,,,Full HD,,,20.0,200.0,2.0,1.0,1.0,48000
CloudWalker Cloud TV 165 cm (65 inch) Ultra HD (4K) LED Smart TV,CloudWalker,65.0,,,,,android based,Ultra HD,4k,,8.0,60.0,3.0,2.0,1.0,59999
Vu Premium 80 cm (32 inch) HD Ready LED Smart Android TV,Vu,32.0,1.0,1.0,1.0,1.0,android,HD,,1366 x 768,20.0,60.0,2.0,2.0,1.0,14999
LumX 80 cm (32 inch) HD Ready LED Smart Android TV,LumX,32.0,1.0,1.0,,1.0,android,HD,,1366x768p,24.0,60.0,2.0,2.0,1.0,10490
LumX 24ZA442 60 cm (24 inch) HD Ready LED TV,LumX,24.0,,,,,,HD,,1366x768p,20.0,60.0,1.0,2.0,1.0,6890
iFFALCON 138.6 cm (55 inch) Ultra HD (4K) LED Smart Android TV with HandsFree Voice Search,iFFALCON,55.0,1.0,1.0,1.0,,android,Ultra HD,4k,,30.0,60.0,3.0,2.0,1.0,36999
LumX Border Less 109 cm (43 inch) Full HD LED Smart Android TV,LumX,43.0,1.0,1.0,,1.0,android,Full HD,,,24.0,60.0,2.0,2.0,1.0,19990
Micromax 81 cm (32 inch) HD Ready LED TV,Micromax,32.0,,,,,,HD,,1366 x 768,20.0,60.0,2.0,2.0,1.0,12499
Vu Premium 126 cm (50 inch) Ultra HD (4K) LED Smart Android TV,Vu,50.0,1.0,1.0,1.0,1.0,android,Ultra HD,4k,,30.0,60.0,3.0,2.0,1.0,36999
KODAK 43 4k Xpro 108 cm (43 inch) Ultra HD (4K) LED Smart TV,KODAK,43.0,1.0,1.0,1.0,1.0,android based,Ultra HD,4k,,24.0,60.0,3.0,2.0,1.0,20499
SONY 101.6 cm (40 inch) Full HD LED Smart TV,SONY,40.0,,,,,,Full HD,,,10.0,60.0,2.0,2.0,,33990
Vu 100 cm (40 inch) Full HD LED Smart TV,Vu,40.0,1.0,,1.0,,,Full HD,,,20.0,60.0,3.0,1.0,1.0,16999
LG 80 cm (32 inch) HD Ready LED TV,LG,32.0,,,,,,HD,,1366 x 768,20.0,300.0,2.0,1.0,1.0,16990
OnePlus U Series 138.8 cm (55 inch) Ultra HD (4K) LED Smart Android TV,OnePlus,55.0,1.0,1.0,1.0,1.0,android,Ultra HD,4k,,30.0,60.0,3.0,2.0,1.0,52999
Sony BRAVIA 40 Inches Full HD LCD KLV-40BX420 Television,Sony,,,,,,,Full HD,,,16.0,,1.0,1.0,1.0,51900
Hisense A56E 102 cm (40 inch) Full HD LED Smart Android TV with 9.0 PIE,Hisense,40.0,1.0,1.0,1.0,1.0,android,Full HD,,,24.0,60.0,2.0,2.0,1.0,20999
iFFALCON 138.6 cm (55 inch) QLED Ultra HD (4K) Smart Android TV HandsFree Voice Search,iFFALCON,55.0,1.0,1.0,1.0,,android,Ultra HD,4k,,30.0,60.0,2.0,1.0,1.0,47999
Akai L32B31FHD LCD 32 inches Full HD Television,Akai,,,,,,,Full HD,,,,,,,1.0,21990
KODAK XPRO 102 cm (40 inch) Full HD LED Smart TV,KODAK,40.0,1.0,1.0,1.0,1.0,android based,Full HD,,,20.0,60.0,3.0,2.0,1.0,15499
SAMSUNG 138 cm (55 inch) Ultra HD (4K) LED Smart TV 2021 Edition with Voice Search,SAMSUNG,55.0,1.0,1.0,1.0,,tizen,Ultra HD,4k,,20.0,60.0,3.0,2.0,1.0,51999
Sansui 80 cm (32 inch) HD Ready LED Smart TV,Sansui,32.0,1.0,,1.0,1.0,linux,HD,,1366 x 768,20.0,50.0,2.0,2.0,1.0,10999
SAMSUNG 80 cm (32 inch) HD Ready LED TV,SAMSUNG,32.0,,,,,,HD,,1366 x 768,20.0,60.0,2.0,1.0,1.0,11999
Akai (19 inch) Full HD LED TV,Akai,19.0,,,,,,Full HD,,,,,,,1.0,10490
SAMSUNG 80 cm (32 inch) HD Ready LED Smart TV 2021 Edition with Voice Search,SAMSUNG,32.0,1.0,1.0,1.0,,tizen,HD,,1366 x 768,20.0,60.0,2.0,1.0,1.0,19740
SONY 108 cm (43 inch) Ultra HD (4K) LED Smart TV,SONY,43.0,,,,,,Ultra HD,4k,,10.0,60.0,2.0,2.0,1.0,40999
LumX Border Less 80 cm (32 inch) HD Ready LED TV,LumX,32.0,,,,,,HD,,1366x768p,24.0,60.0,2.0,2.0,1.0,9490
IMPEX 100 cm (39 inch) HD Ready LED TV,IMPEX,39.0,,,,,homeos,HD,,1366 x 768,16.0,50.0,2.0,2.0,3.0,26339
LG 123 cm (49 inch) Ultra HD (4K) LED Smart TV,LG,49.0,1.0,,1.0,,webos,Ultra HD,4k,,20.0,60.0,3.0,2.0,1.0,25343
SAMSUNG 108 cm (43 inch) Ultra HD (4K) LED Smart TV,SAMSUNG,43.0,1.0,1.0,1.0,,tizen,Ultra HD,4k,,20.0,60.0,2.0,1.0,1.0,38999
LG 60 cm (24 inch) HD Ready LED TV,LG,24.0,,,,,linux,HD,,1366 x 768,10.0,50.0,1.0,1.0,1.0,8910
AISEN 80 cm (32 inch) Full HD Curved LED Smart TV,AISEN,32.0,,,,,,Full HD,,,20.0,60.0,2.0,2.0,3.0,17990
TCL S6 99.8 cm (40 inch) Full HD LED Smart TV,TCL,40.0,,,,,linux based,Full HD,,,10.0,60.0,3.0,2.0,,19999
TOSHIBA 80 cm (32 inch) HD Ready LED Smart TV with VIDAA OS,TOSHIBA,32.0,1.0,,1.0,,vidaa,HD,,1366 x 768,16.0,60.0,2.0,2.0,1.0,12499
TCL S6 80 cm (32 inch) HD Ready LED Smart TV,TCL,32.0,,,,,linux based,HD,,1366 x 768,10.0,60.0,3.0,2.0,,15499
SONY 80 cm (32 inch) HD Ready LED Smart TV,SONY,32.0,1.0,,1.0,,linux based,HD,,1366 x 768,30.0,50.0,2.0,2.0,1.0,32900
iFFALCON AI Powered K31 108 cm (43 inch) Ultra HD (4K) LED Smart Android TV with HDR 10,iFFALCON,43.0,1.0,1.0,1.0,1.0,android,HD,4k,,20.0,60.0,2.0,1.0,1.0,29999
Sansui Pro View 102 cm (40 inch) Full HD LED Smart TV,Sansui,40.0,1.0,1.0,1.0,1.0,android based,Full HD,,,20.0,60.0,2.0,2.0,1.0,16499
LG Ultra HD 108 cm (43 inch) Ultra HD (4K) LED Smart TV,LG,43.0,1.0,,1.0,,webos,Ultra HD,4k,,20.0,50.0,2.0,1.0,1.0,42500
TCL 123.2 cm (49 inch) Full HD LED TV,TCL,49.0,,,,,,Full HD,,,16.0,60.0,2.0,2.0,,29999
LG 121.92 cm (48 inch) OLED Ultra HD (4K) Smart TV,LG,48.0,,,,,,Ultra HD,4k,,40.0,60.0,4.0,3.0,1.0,134590
MURPHY 80 cm (32 inch) Full HD LED TV,MURPHY,32.0,,,,,,Full HD,,,20.0,60.0,2.0,2.0,1.0,12990
LG Led 70 cm (28 inch) HD Ready LED TV,LG,28.0,,,,,,HD,,1366 x 768,10.0,300.0,1.0,1.0,1.0,13990
Mi 4X 163.9 cm (65 inch) Ultra HD (4K) LED Smart Android TV,Mi,65.0,1.0,1.0,1.0,1.0,android,Ultra HD,4k,,20.0,60.0,3.0,3.0,1.0,60990
LG 32 Inches Full HD LCD 32LK450 Television,LG,,,,,,,Full HD,,,20.0,,3.0,1.0,1.0,31990
Nacson 80 cm (32 inch) HD Ready LED Smart TV,Nacson,32.0,1.0,1.0,1.0,1.0,android based,HD,,1366x768,24.0,60.0,1.0,2.0,1.0,10990
TCL 108 cm (43 inch) Ultra HD (4K) LED Smart Android TV,TCL,43.0,1.0,1.0,1.0,,android,Ultra HD,4k,,20.0,60.0,2.0,1.0,1.0,29999
Micromax 108 cm (43 inch) Full HD LED TV,Micromax,43.0,,,,,,Full HD,,,20.0,60.0,2.0,2.0,1.0,17999
TCL D3100 Series 60.9 cm (24 inch) HD Ready LED TV,TCL,24.0,,,,,homeos,HD,,1366 x 768,10.0,60.0,2.0,1.0,1.0,7999
LG Nanocell 139 cm (55 inch) Ultra HD (4K) LED Smart TV,LG,55.0,1.0,1.0,1.0,1.0,webos,Ultra HD,4k,,40.0,100.0,4.0,3.0,1.0,84999
Thomson 108 cm (43 inch) Full HD LED Smart TV,Thomson,43.0,1.0,1.0,1.0,1.0,android based,Full HD,,,20.0,60.0,3.0,2.0,1.0,17999
Samsung 40 Inches Full HD LCD LA40D550K1R Television,Samsung,,,,,,,Full HD,,,20.0,,,,1.0,51900
Panasonic 80 cm (32 inch) HD Ready LED Smart TV,Panasonic,32.0,,,1.0,,android based,HD,,1366 x 768,20.0,100.0,2.0,2.0,1.0,24000
TOSHIBA 108 cm (43 inch) Ultra HD (4K) LED Smart TV,TOSHIBA,43.0,,,,,,Ultra HD,4k,,24.0,60.0,3.0,2.0,1.0,30999
LG Led 60 cm (24 inch) HD Ready LED TV,LG,24.0,,,,,,HD,,1366 x 768,20.0,50.0,1.0,1.0,1.0,9980
Samsung 32 Inches Full HD LCD LA32D580K4R Television,Samsung,,,,,,,Full HD,,,40.0,,,,1.0,36900
SONY W800G Series 123.2 cm (49 inch) Full HD LED Smart Android TV,SONY,49.0,1.0,1.0,1.0,,android,Full HD,,,10.0,50.0,4.0,3.0,1.0,44999
TOSHIBA 139 cm (55 inch) Ultra HD (4K) LED Smart TV,TOSHIBA,55.0,,,,,,Ultra HD,4k,,30.0,60.0,3.0,2.0,1.0,43599
SAMSUNG Basic Smart 80 cm (32 inch) HD Ready LED TV,SAMSUNG,32.0,,,,,,HD,,1366 x 768,10.0,50.0,2.0,1.0,1.0,13990
LG 123 cm (49 inch) Full HD LED TV,LG,49.0,,,,,linux,HD,,,20.0,50.0,2.0,1.0,1.0,40000
LG LJ523D 80 cm (32 inch) HD Ready LED TV,LG,32.0,,,,,linux,HD,,1366 x 768,20.0,60.0,2.0,1.0,1.0,14890
Intex 80 cm (32 inch) HD Ready LED Smart TV,Intex,32.0,,,,,,HD,,1366 x768,,,2.0,2.0,1.0,13199
Sansui Prime Series 80 cm (32 inch) HD Ready LED Smart TV,Sansui,32.0,1.0,1.0,1.0,,android based,HD,,1366 x 768,20.0,60.0,2.0,2.0,1.0,15290
SONY Bravia X8000G 108 cm (43 inch) Ultra HD (4K) LED Smart Android TV,SONY,43.0,1.0,1.0,1.0,,android,Ultra HD,4k,,20.0,50.0,4.0,3.0,1.0,55799
LG 55 Inches Full HD LCD 55LD650 Television,LG,,,,,,,Full HD,,,20.0,240.0,3.0,2.0,1.0,134990
Skyworth 101 cm (40 inch) Full HD LED TV,Skyworth,40.0,,,,,,Full HD,,,,60.0,2.0,1.0,,17050
SAMSUNG 80 cm (32 inch) Full HD LED Smart TV,SAMSUNG,32.0,1.0,1.0,1.0,,tizen,Full HD,,,10.0,60.0,2.0,1.0,1.0,27100
Vu 108 cm (43 inch) Ultra HD (4K) LED Smart Android TV,Vu,43.0,1.0,1.0,1.0,,android,Ultra HD,4k,,24.0,60.0,3.0,2.0,1.0,30999
LG 106 cm (42 inch) Full HD LED Smart TV,LG,42.0,,,,,,Full HD,,,20.0,,3.0,3.0,1.0,72000
Vu Premium Android 138cm (55 inch) Ultra HD (4K) LED Smart TV,Vu,55.0,,1.0,1.0,,android,Ultra HD,4k,,24.0,60.0,3.0,2.0,1.0,41999
Vu 164 cm (65 inch) Ultra HD (4K) LED Smart Android TV,Vu,65.0,1.0,1.0,1.0,,android,Ultra HD,4k,,30.0,60.0,3.0,2.0,1.0,66699
LG 32 Inches Full HD LCD 32LK430 Television,LG,,,,,,,Full HD,,,30.0,,3.0,1.0,1.0,33990
Panasonic 80 cm (32 inch) HD Ready LED TV,Panasonic,32.0,,,,,,HD,,1366 x 768,20.0,100.0,2.0,2.0,1.0,16999
Sony BRAVIA 32 Inches Full HD LCD KLV-32NX520 IN5 Television,Sony,,,,,,,Full HD,,,16.0,,1.0,1.0,1.0,37900
RGL 80 cm (32 inch) Full HD LED TV,RGL,32.0,,,,,homeos,Full HD,,,16.0,60.0,2.0,2.0,1.0,11990
Haier 61 cm (24 inch) HD Ready LED TV,Haier,24.0,,,,,,HD,,1366 x 768,12.0,100.0,1.0,1.0,1.0,9500
OnePlus Y1 Series 108 cm (43 inch) Full HD LED Smart Android TV,OnePlus,43.0,1.0,1.0,1.0,1.0,android,Full HD,,,20.0,60.0,2.0,2.0,1.0,26999
SAMSUNG 55 cm (22 inch) Full HD LED TV,SAMSUNG,22.0,,,,,,Full HD,,,6.0,,2.0,2.0,1.0,11500
SONY X8000H 189 cm (75 inch) Ultra HD (4K) LED Smart Android TV,SONY,75.0,1.0,1.0,1.0,,android,Ultra HD,4k,,20.0,50.0,4.0,2.0,1.0,228999
Nacson Normal 80 cm (32 inch) HD Ready LED TV,Nacson,32.0,,1.0,1.0,,,HD,,1366 x 768,20.0,60.0,2.0,2.0,3.0,10990
LG 42 Inches Full HD LCD 42LK430 Television,LG,,,,,,,Full HD,,,,,3.0,1.0,1.0,52990
TOSHIBA 163 cm (65 inch) Ultra HD (4K) LED Smart TV,TOSHIBA,65.0,,,,,,Ultra HD,4k,,24.0,60.0,3.0,2.0,2.0,68029
Micromax 81 cm (32 inch) HD Ready LED TV with IPS Panel,Micromax,32.0,,,,,,HD,,1366 x 768,24.0,60.0,2.0,2.0,1.0,9499
Panasonic VIERA 32 Inches Full HD LCD TH-L32U30D Television,Panasonic,,,,,,,Full HD,,,20.0,,3.0,2.0,1.0,35900
Panasonic F250 Series 80 cm (32 inch) HD Ready LED TV,Panasonic,32.0,,,,,,HD,,1366 x 768,16.0,50.0,2.0,1.0,1.0,14499
Panasonic 127 cm (50 inch) Ultra HD (4K) LED Smart Android TV,Panasonic,50.0,1.0,1.0,1.0,,android,Ultra HD,4k,,20.0,60.0,3.0,2.0,1.0,37999
SAMSUNG Series 4 59 cm (24 inch) HD Ready LED TV,SAMSUNG,24.0,,,,,,HD,,1366 x 768,6.0,100.0,1.0,1.0,1.0,10850
OnePlus Y1 Series 80 cm (32 inch) HD Ready LED Smart Android TV,OnePlus,32.0,1.0,1.0,1.0,1.0,android,HD,,1366 x 768,20.0,60.0,2.0,2.0,1.0,16499
OnePlus Q1 Series 138.8 cm (55 inch) QLED Ultra HD (4K) Smart Android TV,OnePlus,55.0,1.0,1.0,1.0,1.0,android,Ultra HD,4k,,50.0,60.0,4.0,2.0,1.0,62899
Akai 80 cm (32 inch) Full HD LED Smart TV,Akai,32.0,,,,,,Full HD,,,20.0,60.0,2.0,2.0,,13999
Vu Pixelight 126 cm (50 inch) Ultra HD (4K) LED Smart TV with cricket mode,Vu,50.0,1.0,,1.0,1.0,linux,HD,4k,,24.0,60.0,3.0,2.0,1.0,26360
SAMSUNG 5010AR 108 cm (43 inch) Full HD LED TV,SAMSUNG,43.0,1.0,1.0,1.0,,tizen,Full HD,,,20.0,60.0,2.0,2.0,1.0,29999
Croma 81 cm (32 inch) HD Ready LED TV,Croma,32.0,,,,,,HD,,1366 x 768,20.0,60.0,2.0,2.0,3.0,7994
SONY 59.9 cm (24 inch) HD Ready LED TV,SONY,24.0,,,,,,HD,,1280 x 800,20.0,,2.0,1.0,1.0,15444
ONIDA 60.9 cm (24 inch) HD Ready LED TV,ONIDA,24.0,,,,,,HD,,1366 x 768,10.0,60.0,1.0,1.0,1.0,8359
Micromax 60.96 cm (24 inch) HD Ready LED TV,Micromax,24.0,,,,,,HD,,1366 x 768,10.0,60.0,2.0,1.0,1.0,8999
LG 108 Cm (43 inch) Full HD LED TV,LG,43.0,,,,,webos,Full HD,,,20.0,60.0,2.0,1.0,1.0,25299
TOSHIBA U80 Series 164 cm (65 inch) Ultra HD (4K) LED Smart TV with Dolby Vision & ATMOS,TOSHIBA,65.0,1.0,,1.0,1.0,vidaa,Ultra HD,4k,,24.0,120.0,4.0,2.0,3.0,99999
SAMSUNG Super 6 125 cm (50 inch) Ultra HD (4K) LED Smart TV,SAMSUNG,50.0,1.0,1.0,1.0,1.0,tizen,Ultra HD,4k,,20.0,60.0,2.0,1.0,1.0,46999
Samsung 32 Inches Full HD LCD LA32D550K1R Television,Samsung,,,,,,,Full HD,,,20.0,,,,1.0,35900
SAMSUNG Series 4 59 cm (24 inch) HD Ready LED TV,SAMSUNG,24.0,,,,,,HD,,1366 x 768,10.0,100.0,2.0,2.0,1.0,8990
,,,,,,,,Full HD,,,20.0,,,,1.0,240000
Compaq HEX 138 cm (55 inch) QLED Ultra HD (4K) Smart Android TV,Compaq,55.0,1.0,1.0,1.0,1.0,android,Ultra HD,4k,,24.0,60.0,4.0,2.0,1.0,59999
SONY Bravia W800F 108 cm (43 inch) Full HD LED Smart Android TV,SONY,43.0,1.0,1.0,1.0,1.0,android,Full HD,,,10.0,50.0,4.0,3.0,1.0,48990
SAMSUNG Series 7 108 cm (43 inch) Ultra HD (4K) LED Smart TV,SAMSUNG,43.0,1.0,1.0,1.0,,tizen,Ultra HD,4k,,20.0,100.0,3.0,2.0,1.0,47999
SONY 215 cm (85 inch) Ultra HD (4K) LED Smart Android TV,SONY,85.0,1.0,1.0,1.0,,android,Ultra HD,4k,,20.0,50.0,4.0,2.0,1.0,427490
LG Smart 108 cm (43 inch) Full HD LED TV,LG,43.0,,,,,webos,Full HD,,,20.0,60.0,2.0,1.0,1.0,35000
SONY Bravia W672G 80.1 cm (32 inch) Full HD LED Smart TV,SONY,32.0,1.0,,1.0,1.0,linux based,Full HD,,,20.0,50.0,2.0,2.0,1.0,21223
Sansui 100 cm (40 inch) Full HD LED Smart TV,Sansui,40.0,1.0,,1.0,1.0,linux,Full HD,,,20.0,50.0,2.0,2.0,1.0,18490
ONIDA Google Certified 127 cm (50 inch) Ultra HD (4K) LED Smart Android TV,ONIDA,50.0,,1.0,1.0,,android,Ultra HD,4k,,20.0,60.0,3.0,2.0,1.0,40299
Sony BRAVIA 55 Inches 3D Full HD LED KDL-55HX925 Television,Sony,,,,,,,Full HD,,,30.0,,4.0,2.0,1.0,259900
IMPEX 60 cm (24 inch) HD Ready LED TV,IMPEX,24.0,,,,,homeos,HD,,1366 x 768,6.0,50.0,1.0,1.0,1.0,7990
SONY 101.4 cm (40 inch) Full HD LED Smart TV,SONY,40.0,1.0,,1.0,,linux based,Full HD,,,30.0,50.0,2.0,2.0,1.0,41499
DETEL 80 cm (32 inch) HD Ready LED TV,DETEL,32.0,,,,,,HD,,hd,20.0,60.0,2.0,2.0,1.0,7833
Sharp (70 inch) Full HD LED TV,Sharp,70.0,,,,,,Full HD,,,,,4.0,1.0,1.0,449990
CloudWalker Spectra 124 cm (49 inch) Full HD LED TV,CloudWalker,49.0,,,,,,Full HD,,,20.0,60.0,3.0,2.0,1.0,22999
SONY Bravia R252F 101.6 cm (40 inch) Full HD LED TV,SONY,40.0,,,,,,Full HD,,,20.0,50.0,2.0,1.0,1.0,31999
Hyundai 80 cm (32 inch) HD Ready LED Smart Android TV,Hyundai,32.0,1.0,1.0,1.0,,android,HD,,1366 x 768,20.0,60.0,2.0,2.0,3.0,16000
SAMSUNG 80 cm (32 inch) Full HD LED Smart TV,SAMSUNG,32.0,,,,,tizen,Full HD,,,20.0,100.0,3.0,2.0,1.0,40900
SONY Bravia X8500F 123.2 cm (49 inch) Ultra HD (4K) LED Smart Android TV,SONY,49.0,1.0,,1.0,,android,Ultra HD,4k,,20.0,100.0,4.0,3.0,1.0,69999
SAMSUNG (32 inch) Full HD LED TV,SAMSUNG,32.0,,,,,,Full HD,,,20.0,,,,1.0,50000
Haier 80 cm (32 inch) HD Ready LED TV,Haier,32.0,1.0,1.0,1.0,,android based,HD,,1366 x 768,16.0,60.0,3.0,2.0,1.0,11990
Sharp (32 inch) HD Ready LED TV,Sharp,32.0,,,,,,HD,,1366 x 768,10.0,,,,1.0,29990
SAMSUNG 80 cm (32 inch) HD Ready LED TV,SAMSUNG,32.0,,,,,,HD,,1366 x 768,10.0,60.0,2.0,1.0,1.0,14990
Akai (19 inch) LED TV,Akai,19.0,,,,,,,,,,,,,1.0,10490
Sony 32BX350 32 inches TV (With Home Theatre System),Sony,,,,,,,HD,,1280 x 768,20.0,,1.0,2.0,1.0,30900
Sony BRAVIA 46 Inches LED KDL-46EX520 Television,Sony,,,,,,,Full HD,,,20.0,,4.0,2.0,1.0,83900
SONY 123.2 cm (49 inch) Ultra HD (4K) LED Smart Android TV,SONY,49.0,,,,,android,Ultra HD,4k,,40.0,200.0,4.0,3.0,1.0,49999
SONY Bravia A9G 139 cm (55 inch) OLED Ultra HD (4K) Smart Android TV,SONY,55.0,1.0,1.0,1.0,,android,Ultra HD,4k,,60.0,100.0,4.0,3.0,1.0,299900
iFFALCON AI Powered K3A 138.78 cm (55 inch) Ultra HD (4K) LED Smart Android TV with Super Narrow Bezze...,iFFALCON,55.0,1.0,1.0,1.0,1.0,android,HD,4k,,20.0,60.0,3.0,2.0,1.0,38999
Akai (15 inch) HD Ready LED TV,Akai,15.0,,,,,,HD,,1366 x 768,200.0,,,,1.0,7990
Noble Skiodo CN32 80 cm (31.5 inch) HD Ready LED TV,Noble,31.5,,,,,,HD,,1366 x 768,20.0,60.0,1.0,2.0,1.0,16900
Sony BRAVIA 32 inches Full HD 3D LED KDL-32HX750 Television,Sony,,,,,,,,,,,,4.0,2.0,1.0,57900
Blackox Super Premium 61 cm (24 inch) Full HD LED TV,Blackox,24.0,,,,,,Full HD,,,20.0,50.0,1.0,2.0,2.0,7999
SONY Bravia X8000G 163.9 cm (65 inch) Ultra HD (4K) LED Smart Android TV,SONY,65.0,1.0,1.0,1.0,,android,Ultra HD,4k,,20.0,50.0,4.0,3.0,1.0,98999
SONY 123 cm (49 inch) Ultra HD (4K) LED Smart Android TV,SONY,49.0,1.0,1.0,1.0,,android,Ultra HD,4k,,20.0,100.0,4.0,3.0,1.0,110000
TCL 121.9 cm (48 inch) Full HD Curved LED Smart TV,TCL,48.0,,,,,,Full HD,,,16.0,60.0,3.0,2.0,,35499
LG 60 cm (24 inch) HD Ready LED TV,LG,24.0,,,,,,HD,,1366 x 768,10.0,300.0,1.0,1.0,1.0,12500
LG 139 cm (55 inch) Ultra HD (4K) LED Smart TV,LG,55.0,1.0,1.0,1.0,,webos,Ultra HD,4k,,20.0,50.0,4.0,3.0,1.0,56990
Micromax 127 cm (49 inch) Full HD LED TV,Micromax,49.0,,,,,,Full HD,,,16.0,60.0,3.0,2.0,1.0,26500
SAMSUNG Series 5 123 cm (49 inch) Full HD LED Smart TV,SAMSUNG,49.0,1.0,1.0,1.0,,tizen,Full HD,,,40.0,50.0,2.0,1.0,1.0,43999
SONY Bravia A9G 164 cm (65 inch) OLED Ultra HD (4K) Smart Android TV,SONY,65.0,1.0,1.0,1.0,,android,Ultra HD,4k,,60.0,100.0,4.0,3.0,1.0,419900
LG 42LM6690 LED 43 inches Full HD CINEMA 3D Television,LG,,,,,,,Full HD,,,20.0,,1.0,3.0,1.0,102000
Panasonic 70 cm (28 inch) HD Ready LED TV,Panasonic,28.0,,,,,,HD,,1366 x 768,10.0,50.0,2.0,1.0,1.0,10500
SAMSUNG Super 6 108 cm (43 inch) Ultra HD (4K) LED Smart TV,SAMSUNG,43.0,1.0,1.0,1.0,1.0,tizen,Ultra HD,4k,,20.0,60.0,2.0,1.0,1.0,36999
SONY Bravia 80 cm (32 inch) HD Ready LED TV,SONY,32.0,,,,,,HD,,1366 x 768,8.0,200.0,2.0,1.0,1.0,19999
TCL P715 190 cm (75 inch) Ultra HD (4K) LED Smart Android TV with Full Screen & Handsfree Voice Contro...,TCL,75.0,1.0,1.0,1.0,1.0,android,Ultra HD,4k,,30.0,60.0,3.0,2.0,1.0,103999
Sharp 101.6 cm (40 inch) Full HD LED Smart TV,Sharp,40.0,,,,,,Full HD,,,15.0,60.0,2.0,1.0,1.0,20390
SONY Bravia X7500F 163.9 cm (65 inch) Ultra HD (4K) LED Smart Android TV,SONY,65.0,1.0,,1.0,,android,Ultra HD,4k,,20.0,50.0,4.0,3.0,1.0,134999
Sansui Pro View 80 cm (32 inch) HD Ready LED TV with WCG,Sansui,32.0,,,,,,HD,,1366 x 768,20.0,60.0,2.0,2.0,1.0,8499
Sony BRAVIA 32 Inches HD LCD KLV-32CX320 IN5 Television,Sony,,,,,,,HD,,1366 x 768,16.0,,1.0,1.0,1.0,33900
LG (42 inch) Full HD LED Smart TV,LG,42.0,,,,,,Full HD,,,24.0,,3.0,3.0,1.0,85000
Sony BRAVIA 46 Inches Full HD LCD KDL-46CX520 Television,Sony,,,,,,,Full HD,,,20.0,,1.0,2.0,1.0,68900
SAMSUNG (19 inch) HD Ready LED TV,SAMSUNG,19.0,,,,,,HD,,1366 x 768,6.0,,,,1.0,12500
SAMSUNG 163 cm (65 inch) Ultra HD (4K) Curved LED Smart TV,SAMSUNG,65.0,1.0,1.0,1.0,,,Ultra HD,4k,,60.0,200.0,4.0,3.0,1.0,440900
TCL P65 Series 127 cm (55 inch) Ultra HD (4K) LED Smart TV,TCL,55.0,1.0,,1.0,,linux,Ultra HD,4k,,20.0,60.0,2.0,1.0,1.0,39999
SAMSUNG 58 cm (23 inch) HD Ready LED TV,SAMSUNG,23.0,,,,,,HD,,1366 x 768,6.0,100.0,1.0,1.0,1.0,11850
KODAK XPRO 124 cm (49 inch) Full HD LED Smart TV,KODAK,49.0,1.0,1.0,1.0,1.0,android based,Full HD,,,20.0,60.0,3.0,2.0,1.0,22999
MURPHY 60 cm (24 inch) HD Ready LED TV,MURPHY,24.0,,,,,,HD,,1366 x 1080,16.0,60.0,1.0,1.0,1.0,7490
SONY 80 cm (32 inch) HD Ready LED TV,SONY,32.0,,,,,,HD,,1366 x 768,,100.0,2.0,1.0,1.0,20500
Micromax 81 cm (32 inch) HD Ready LED Smart Android TV,Micromax,32.0,,1.0,1.0,1.0,android,HD,,1366 x 768,20.0,60.0,2.0,1.0,1.0,12499
Sansui 108 cm (43 inch) Ultra HD (4K) LED Smart TV,Sansui,43.0,1.0,,1.0,1.0,linux,Ultra HD,4k,,20.0,50.0,3.0,2.0,1.0,24999
SONY Bravia W622F 80 cm (32 inch) HD Ready LED Smart TV,SONY,32.0,1.0,,1.0,1.0,linux based,HD,,1366 x 768,30.0,50.0,2.0,2.0,1.0,22999
SONY 108 cm (43 inch) Ultra HD (4K) LED Smart TV,SONY,43.0,,,,,,Ultra HD,4k,,20.0,100.0,4.0,3.0,1.0,59999
SAMSUNG (32 inch) Full HD LED TV,SAMSUNG,32.0,,,,,,Full HD,,,20.0,,,,1.0,41900
Thomson 163.89 cm (65 inch) Ultra HD (4K) LED Smart Android TV with Netflix,Thomson,65.0,1.0,1.0,1.0,,android,Ultra HD,4k,,40.0,60.0,3.0,2.0,1.0,52999
Vu Pixelight 108 cm (43 inch) Ultra HD (4K) LED Smart TV,Vu,43.0,1.0,,1.0,,linux,HD,4k,,20.0,60.0,3.0,2.0,1.0,23999
Panasonic 98 cm (39 inch) HD Ready LED TV,Panasonic,39.0,,,,,,HD,,1366 x 768,16.0,100.0,2.0,1.0,1.0,19999
SONY Bravia X9000F 138.8 cm (55 inch) Ultra HD (4K) LED Smart Android TV,SONY,55.0,1.0,1.0,1.0,,android,Ultra HD,4k,,20.0,100.0,4.0,3.0,1.0,123499
SONY 164 cm (65 inch) Ultra HD (4K) LED Smart TV,SONY,65.0,1.0,1.0,1.0,,android based,Ultra HD,4k,,20.0,100.0,4.0,2.0,1.0,158079
Intex 109 cm (43 inch) Full HD LED TV,Intex,43.0,,,,,,Full HD,,,,,2.0,2.0,1.0,24998
TCL G300 Series 99.8 cm (40 inch) HD Ready LED TV,TCL,40.0,,,,,homeos,HD,,1366 x 768,20.0,60.0,2.0,1.0,1.0,16126
TCL 108 cm (43 inch) Ultra HD (4K) LED Smart Android TV,TCL,43.0,1.0,1.0,1.0,,android,Ultra HD,4k,,16.0,60.0,2.0,1.0,1.0,26600
LG (32 inch) HD Ready LED TV,LG,32.0,,,,,,HD,,1366 x 768,10.0,,,,1.0,24000
SAMSUNG 80 cm (32 inch) HD Ready LED Smart TV with Voice Search,SAMSUNG,32.0,1.0,1.0,1.0,,tizen,HD,,1366 x 768,20.0,60.0,2.0,1.0,1.0,19740
Samsung 37 Inches Full HD LCD LA37D550K1R Television,Samsung,,,,,,,Full HD,,,20.0,,,,1.0,48000
SAMSUNG 80 cm (32 inch) HD Ready LED TV,SAMSUNG,32.0,,,,,,HD,,1366 x 768,20.0,60.0,3.0,1.0,1.0,13600
SAMSUNG Q60RAK 108 cm (43 inch) QLED Ultra HD (4K) Smart TV,SAMSUNG,43.0,1.0,1.0,1.0,,tizen,Ultra HD,4k,,20.0,100.0,4.0,2.0,1.0,58449
TOSHIBA 123 cm (49 inch) Full HD LED Smart TV,TOSHIBA,49.0,,,,,,Full HD,,,8.0,60.0,3.0,2.0,2.0,32299
SONY Bravia 101.6 cm (40 inch) Full HD LED Smart TV,SONY,40.0,1.0,,1.0,,linux based,Full HD,,,8.0,200.0,2.0,2.0,1.0,29999
Intex 139 cm (55 inch) Full HD LED TV,Intex,55.0,,,,,,Full HD,,,20.0,60.0,2.0,2.0,3.0,49990
Sony BRAVIA 40 Inches Full HD LCD KLV-40NX520 Television,Sony,,,,,,,Full HD,,,16.0,,1.0,1.0,1.0,53900
LG Led 80 cm (32 inch) HD Ready LED TV,LG,32.0,,,,,linux,HD,,1366 x 768,20.0,50.0,2.0,1.0,1.0,18499
TCL 60.9 cm (24 inch) HD Ready LED TV,TCL,24.0,,,,,,HD,,1366 x 768,10.0,60.0,2.0,2.0,,7499
SAMSUNG 165 cm (65 inch) QLED Ultra HD (4K) Smart TV,SAMSUNG,65.0,1.0,1.0,1.0,,tizen,Ultra HD,4k,,20.0,60.0,3.0,2.0,1.0,144900
LG 80 cm (32 inch) HD Ready LED TV,LG,32.0,,,,,linux,HD,,1366 x 768,35.0,60.0,2.0,1.0,1.0,18990
TCL C815 Series 190 cm (75 inch) QLED Ultra HD (4K) Smart Android TV With Integrated 2.1 Onkyo Soundba...,TCL,75.0,1.0,1.0,1.0,,android,Ultra HD,4k,,50.0,60.0,3.0,2.0,1.0,149990
SONY Bravia W622G 80 cm (32 inch) HD Ready LED Smart TV,SONY,32.0,1.0,,1.0,,linux based,HD,,1366 x 768,30.0,50.0,2.0,2.0,1.0,23999
SAMSUNG Series 5 108 cm (43 inch) Full HD LED Smart TV,SAMSUNG,43.0,1.0,1.0,1.0,,tizen,Full HD,,,20.0,120.0,3.0,2.0,1.0,33790
Sansui Pro View 60 cm (24 inch) HD Ready LED TV with High Color Transmittance,Sansui,24.0,,,,,,HD,,1366 x 768,16.0,60.0,2.0,2.0,1.0,6999
TCL P725 164 cm (65 inch) Ultra HD (4K) LED Smart Android TV,TCL,65.0,1.0,1.0,1.0,1.0,android,HD,4k,,,60.0,3.0,2.0,1.0,119990
Blackox Super Premium 61 cm (24 inch) HD Ready LED TV,Blackox,24.0,,,,,,HD,,1366 x 768,20.0,50.0,1.0,2.0,2.0,10499
SONY 59.9 cm (24 inch) HD Ready LED TV,SONY,24.0,,,,,,HD,,1366 x 768,20.0,50.0,2.0,1.0,1.0,11999
Sansui 80 cm (32 inch) HD Ready LED TV,Sansui,32.0,,,,,,HD,,1366 x 768,20.0,50.0,2.0,1.0,1.0,12590
SAMSUNG Series 4 80 cm (32 inch) HD Ready LED TV,SAMSUNG,32.0,,,,,,HD,,1366 x 768,10.0,50.0,2.0,1.0,1.0,22797
SAMSUNG Series 4 80 cm (32 inch) HD Ready LED Smart TV,SAMSUNG,32.0,1.0,1.0,1.0,,tizen,HD,,1366 x 768,10.0,50.0,2.0,1.0,1.0,16990
Sony BRAVIA 40 Inches Full HD LCD KDL-40CX520 Television,Sony,,,,,,,Full HD,,,20.0,,4.0,2.0,1.0,53900
Samsung 32 Inches HD LCD LA32D403E2 Television,Samsung,,,,,,,HD,,1366 x 768,10.0,,,,1.0,27900
SAMSUNG 100 cm (40 inch) Full HD LED TV,SAMSUNG,40.0,,,,,,Full HD,,,20.0,60.0,2.0,1.0,1.0,22990
TCL 165 cm (65 inch) Ultra HD (4K) LED Smart Android TV,TCL,65.0,1.0,1.0,1.0,,android,Ultra HD,4k,,16.0,60.0,3.0,2.0,1.0,71999
